Mancheck,R1,R2,R3,R4,ImageNum,paintType
2,4,4,2,2,1,R
2,3,3,3,3,1,R
1,5,5,4,4,1,R
1,3,3,3,2,1,R
2,5,4,3,3,1,R
1,4,4,5,5,1,R
1,4,4,4,3,1,R
2,5,5,3,3,1,R
1,2,4,3,3,1,R
2,5,5,2,3,1,R
1,3,4,1,1,1,R
2,5,5,5,5,1,R
1,3,3,3,1,1,R
1,5,5,4,5,1,R
1,3,3,3,2,1,R
1,5,5,2,3,1,R
1,3,3,2,2,1,R
2,NA,NA,NA,NA,1,R
1,4,3,1,2,1,R
2,2,3,3,4,1,R
2,4,4,4,3,1,R
1,5,5,3,4,1,R
1,3,4,3,4,1,R
2,4,3,2,3,1,R
2,5,5,5,3,1,R
2,4,4,4,3,1,R
1,2,2,2,2,1,R
2,4,4,3,3,1,R
2,2,3,2,2,1,R
2,2,3,2,2,1,R
2,5,5,4,4,1,R
2,3,3,2,3,1,R
2,2,2,2,2,1,R
2,3,3,2,3,1,R
2,4,4,4,3,1,R
2,4,4,4,4,1,R
2,4,4,3,3,1,R
2,5,5,5,5,1,R
1,3,3,3,2,1,R
2,5,5,3,3,1,R
2,4,5,3,3,1,R
2,4,5,3,4,1,R
1,4,3,3,2,1,R
1,5,5,5,4,1,R
2,NA,NA,NA,NA,1,R
2,2,2,1,2,1,R
1,1,1,1,2,1,R
2,4,4,2,4,1,R
2,5,5,5,4,1,R
2,4,4,3,3,1,R
1,5,5,5,4,1,R
2,NA,NA,NA,NA,1,R
2,5,5,5,4,1,R
1,2,3,1,1,1,R
1,3,4,1,2,1,R
2,3,3,3,3,1,R
2,5,4,3,4,1,R
1,3,4,3,3,1,R
2,5,5,5,4,1,R
1,4,4,4,4,1,R
1,3,3,2,2,1,R
2,3,3,4,4,1,R
1,4,4,3,3,1,R
2,4,4,4,3,1,R
1,4,4,4,3,1,R
2,5,5,4,4,1,R
1,5,4,1,1,1,R
2,5,5,4,4,1,R
1,5,5,4,3,1,R
2,3,4,3,3,1,R
1,3,3,4,3,1,R
1,4,3,2,2,1,R
1,3,3,1,1,1,R
2,NA,NA,NA,NA,1,R
2,5,5,3,3,1,R
1,3,3,3,3,1,R
1,5,5,3,2,1,R
2,4,3,1,3,1,R
1,4,4,5,4,1,R
1,3,3,2,2,1,R
2,5,5,4,3,1,R
2,4,4,2,4,1,R
1,4,4,3,3,1,R
2,3,4,4,4,1,R
2,5,5,5,5,1,R
1,4,4,3,3,1,R
1,4,5,4,2,1,R
1,5,5,4,4,1,R
2,4,3,4,3,1,R
2,5,5,5,5,1,R
2,4,4,2,3,1,R
1,4,4,3,3,1,R
1,4,5,1,3,1,R
1,4,4,3,3,1,R
1,4,4,3,3,1,R
2,4,4,4,3,1,R
1,3,3,2,3,1,R
2,3,3,2,2,1,R
1,4,4,4,4,1,R
2,3,3,3,2,1,R
1,5,4,4,3,1,R
1,3,4,3,4,1,R
1,4,4,3,3,1,R
1,4,4,3,3,1,R
1,4,4,3,3,1,R
2,4,5,4,3,1,R
1,4,3,4,5,1,R
1,3,3,2,3,1,R
2,5,5,5,5,1,R
1,3,4,3,4,1,R
2,NA,NA,NA,NA,1,R
2,5,5,5,5,1,R
2,4,4,3,2,1,R
1,4,4,3,3,1,R
2,4,4,5,4,1,R
2,4,4,3,3,1,R
1,5,5,5,5,1,R
1,4,4,5,4,1,R
1,5,4,3,3,1,R
1,2,3,3,2,1,R
2,5,5,2,4,1,R
1,3,3,4,3,1,R
1,4,3,2,2,1,R
1,3,3,3,3,1,R
2,2,3,2,2,1,R
1,1,2,1,1,1,R
2,4,4,4,4,1,R
1,5,5,4,4,1,R
2,4,4,3,3,1,R
2,4,4,4,4,1,R
2,5,5,4,4,1,R
1,5,5,5,5,1,R
1,5,5,4,4,1,R
2,3,4,3,2,1,R
2,3,4,3,3,1,R
1,5,5,4,3,1,R
2,4,4,4,4,1,R
1,5,5,4,4,1,R
2,3,3,3,3,1,R
2,5,5,4,4,1,R
2,4,4,5,4,1,R
1,5,5,4,4,1,R
2,3,4,2,2,1,R
1,5,5,4,4,1,R
2,4,4,4,4,1,R
2,4,4,3,4,1,R
1,4,4,3,3,1,R
2,4,4,4,4,1,R
1,4,4,3,3,1,R
2,2,2,4,4,2,A
2,2,2,2,2,2,A
2,1,1,3,3,2,A
1,3,4,3,3,2,A
2,2,2,3,4,2,A
2,3,3,4,3,2,A
2,2,2,1,2,2,A
1,4,4,4,4,2,A
2,1,1,1,2,2,A
1,2,2,3,2,2,A
2,1,1,1,1,2,A
1,1,1,1,1,2,A
2,5,5,4,1,2,A
1,2,2,1,3,2,A
1,1,1,1,1,2,A
1,1,1,2,3,2,A
1,2,3,2,3,2,A
2,4,2,4,3,2,A
1,1,1,1,2,2,A
2,2,2,2,4,2,A
1,2,2,3,1,2,A
2,1,1,2,2,2,A
2,4,3,4,3,2,A
2,1,1,1,4,2,A
1,4,4,3,3,2,A
1,1,1,1,1,2,A
2,1,2,4,2,2,A
1,2,3,3,3,2,A
2,1,1,2,2,2,A
2,1,1,1,1,2,A
1,2,2,2,3,2,A
2,2,2,2,3,2,A
1,1,1,1,1,2,A
1,1,2,2,3,2,A
2,NA,NA,NA,NA,2,A
1,1,1,1,1,2,A
2,1,1,1,2,2,A
1,3,2,3,3,2,A
1,1,1,1,1,2,A
1,1,1,1,3,2,A
1,4,4,3,3,2,A
1,1,1,2,2,2,A
2,3,3,2,3,2,A
1,4,2,3,3,2,A
2,2,2,3,3,2,A
2,1,1,1,2,2,A
2,1,1,1,2,2,A
2,3,3,2,4,2,A
2,2,2,1,2,2,A
2,1,2,1,2,2,A
1,1,1,2,2,2,A
1,3,2,2,2,2,A
2,3,2,3,2,2,A
1,1,1,1,1,2,A
2,1,1,1,1,2,A
1,2,1,2,2,2,A
1,2,2,2,2,2,A
2,2,2,2,2,2,A
1,3,3,4,4,2,A
1,3,3,3,3,2,A
2,2,2,2,2,2,A
1,1,1,1,1,2,A
1,1,2,2,2,2,A
2,2,2,1,2,2,A
1,4,4,4,3,2,A
1,3,2,3,3,2,A
1,1,1,1,1,2,A
1,2,3,2,2,2,A
2,4,3,3,3,2,A
1,1,1,1,1,2,A
2,2,4,2,2,2,A
1,3,2,2,3,2,A
1,2,2,1,1,2,A
2,1,1,1,1,2,A
2,3,2,1,2,2,A
2,2,2,2,2,2,A
2,5,5,4,3,2,A
2,1,1,1,2,2,A
1,1,1,2,2,2,A
2,1,1,1,1,2,A
1,1,1,1,1,2,A
1,2,2,2,2,2,A
1,4,3,5,4,2,A
1,1,1,1,1,2,A
2,3,3,3,3,2,A
2,1,1,1,1,2,A
1,4,4,4,2,2,A
1,2,1,2,3,2,A
2,2,2,3,4,2,A
1,2,1,2,2,2,A
1,1,1,1,1,2,A
1,2,2,2,2,2,A
1,2,3,1,1,2,A
1,4,4,3,3,2,A
2,2,2,2,3,2,A
2,4,3,4,4,2,A
1,2,2,3,3,2,A
1,2,3,2,2,2,A
2,3,3,2,3,2,A
1,2,2,2,3,2,A
1,1,1,1,1,2,A
2,5,4,5,4,2,A
2,2,2,2,3,2,A
2,5,4,3,3,2,A
2,1,1,1,2,2,A
2,2,2,2,2,2,A
2,3,2,3,4,2,A
2,1,1,2,3,2,A
1,1,1,1,3,2,A
1,4,3,4,3,2,A
1,1,1,1,1,2,A
1,NA,NA,NA,NA,2,A
2,1,2,3,3,2,A
1,1,2,3,2,2,A
1,1,2,1,2,2,A
1,2,2,3,2,2,A
2,5,4,5,4,2,A
2,2,4,3,2,2,A
1,3,4,3,2,2,A
1,2,2,2,2,2,A
1,3,2,3,2,2,A
2,1,1,1,1,2,A
2,1,1,1,1,2,A
1,2,2,2,2,2,A
2,1,1,1,1,2,A
1,1,2,1,1,2,A
2,NA,NA,NA,NA,2,A
2,4,3,4,3,2,A
1,3,3,4,3,2,A
2,2,2,3,3,2,A
2,2,2,3,3,2,A
2,3,3,2,2,2,A
2,1,1,1,1,2,A
1,1,1,1,2,2,A
1,1,1,1,1,2,A
2,1,1,2,2,2,A
2,4,4,5,4,2,A
1,5,5,4,4,2,A
1,3,3,2,3,2,A
2,3,3,4,3,2,A
1,3,3,3,2,2,A
1,3,1,2,4,2,A
2,3,2,4,3,2,A
2,1,1,3,4,2,A
2,1,1,1,1,2,A
1,2,3,3,3,2,A
2,3,2,2,3,2,A
2,4,3,3,3,2,A
2,4,2,4,4,2,A
1,3,4,2,2,3,R
1,4,4,4,3,3,R
2,5,5,5,4,3,R
2,2,2,2,2,3,R
2,4,5,3,3,3,R
2,5,5,5,4,3,R
2,4,4,3,3,3,R
1,5,5,2,2,3,R
2,4,5,4,4,3,R
1,5,5,2,3,3,R
2,4,4,3,3,3,R
2,5,5,5,5,3,R
2,3,2,2,1,3,R
1,5,5,4,4,3,R
1,4,4,4,3,3,R
2,5,5,3,5,3,R
1,5,5,3,4,3,R
2,2,3,2,2,3,R
2,5,5,3,4,3,R
2,4,4,2,4,3,R
2,4,5,3,3,3,R
1,3,3,3,3,3,R
2,3,4,3,2,3,R
1,4,4,1,3,3,R
1,5,5,5,2,3,R
2,4,4,3,3,3,R
2,3,3,3,2,3,R
2,4,4,3,3,3,R
1,2,3,1,2,3,R
1,4,4,2,3,3,R
2,5,5,5,5,3,R
2,4,4,3,4,3,R
2,3,3,3,2,3,R
2,4,4,3,4,3,R
2,NA,NA,NA,NA,3,R
2,5,5,5,5,3,R
2,3,3,2,2,3,R
2,3,4,4,4,3,R
2,4,4,3,4,3,R
2,5,5,3,3,3,R
2,4,5,4,4,3,R
2,5,5,4,5,3,R
1,5,3,4,2,3,R
2,5,5,5,3,3,R
2,5,5,3,4,3,R
1,3,3,1,2,3,R
2,3,3,2,3,3,R
1,4,4,3,3,3,R
2,5,5,4,4,3,R
1,4,5,4,5,3,R
1,5,5,4,5,3,R
2,5,5,5,5,3,R
1,5,5,4,3,3,R
1,1,3,1,1,3,R
1,4,4,1,2,3,R
1,3,4,2,3,3,R
2,5,5,5,5,3,R
2,4,4,4,4,3,R
1,5,5,4,4,3,R
1,4,4,4,4,3,R
2,2,3,2,2,3,R
2,5,5,4,4,3,R
1,4,5,4,4,3,R
2,4,4,4,3,3,R
1,5,5,5,3,3,R
2,4,4,3,2,3,R
1,4,4,1,3,3,R
2,4,4,3,4,3,R
2,5,5,4,4,3,R
2,4,4,3,3,3,R
2,5,5,4,4,3,R
2,3,1,1,2,3,R
1,4,4,2,1,3,R
1,4,4,2,4,3,R
2,5,5,3,3,3,R
2,4,4,4,4,3,R
2,4,4,3,2,3,R
1,4,4,2,4,3,R
2,5,5,5,5,3,R
1,3,3,1,2,3,R
2,5,5,3,3,3,R
2,4,4,3,4,3,R
2,5,5,3,4,3,R
2,4,4,4,4,3,R
2,5,5,5,5,3,R
1,5,5,3,2,3,R
1,4,5,4,2,3,R
1,4,5,3,3,3,R
1,5,5,4,3,3,R
2,5,5,4,5,3,R
1,3,4,2,3,3,R
1,4,4,4,3,3,R
2,5,5,4,4,3,R
2,3,4,2,3,3,R
1,4,4,3,3,3,R
1,4,4,3,3,3,R
2,4,5,4,5,3,R
2,3,3,2,2,3,R
1,5,4,5,4,3,R
1,3,3,3,2,3,R
2,5,5,4,4,3,R
2,4,5,3,5,3,R
1,4,4,3,3,3,R
2,5,5,3,4,3,R
2,5,4,3,4,3,R
2,5,5,4,4,3,R
2,4,5,3,4,3,R
2,2,2,2,3,3,R
2,5,5,5,5,3,R
1,4,4,3,3,3,R
2,NA,NA,NA,NA,3,R
1,5,5,4,5,3,R
2,3,3,2,3,3,R
1,4,5,3,3,3,R
1,4,4,3,3,3,R
2,4,4,3,3,3,R
1,5,5,5,5,3,R
2,4,5,4,5,3,R
1,5,4,3,4,3,R
1,4,4,2,2,3,R
1,2,4,2,2,3,R
2,5,4,4,3,3,R
1,3,4,3,3,3,R
2,4,4,3,3,3,R
2,4,4,2,2,3,R
1,2,3,1,1,3,R
2,4,3,4,4,3,R
1,5,5,4,3,3,R
2,4,5,3,4,3,R
1,2,2,2,2,3,R
1,4,5,1,3,3,R
2,5,5,5,5,3,R
2,5,5,3,4,3,R
1,2,3,1,1,3,R
2,3,3,3,4,3,R
1,5,5,4,3,3,R
1,5,5,3,4,3,R
1,5,5,4,4,3,R
2,3,3,2,3,3,R
2,5,5,4,4,3,R
1,5,4,4,5,3,R
2,4,5,4,4,3,R
2,4,4,2,2,3,R
2,5,5,4,3,3,R
1,4,4,4,4,3,R
2,4,4,3,3,3,R
2,2,4,3,3,3,R
1,4,4,4,4,3,R
1,4,5,2,2,3,R
2,2,2,3,3,4,A
1,2,2,2,2,4,A
2,2,3,3,2,4,A
2,1,1,1,1,4,A
2,1,2,2,4,4,A
1,3,2,3,3,4,A
1,3,3,3,3,4,A
1,4,4,4,4,4,A
2,1,2,1,2,4,A
2,1,2,3,3,4,A
1,1,1,1,1,4,A
1,1,1,1,1,4,A
1,1,1,1,1,4,A
1,2,1,4,3,4,A
1,1,2,1,2,4,A
1,1,2,2,3,4,A
1,3,3,2,2,4,A
2,2,2,3,2,4,A
2,1,1,4,4,4,A
2,1,2,3,4,4,A
1,1,1,1,1,4,A
1,2,2,3,2,4,A
2,3,4,3,4,4,A
1,1,1,1,1,4,A
2,3,3,2,2,4,A
2,1,1,1,2,4,A
2,1,1,4,3,4,A
2,2,2,3,3,4,A
1,2,2,1,2,4,A
1,2,3,1,2,4,A
2,2,2,3,3,4,A
2,2,2,1,4,4,A
2,1,1,1,1,4,A
1,2,2,1,3,4,A
2,1,1,1,1,4,A
2,1,1,1,1,4,A
2,1,1,1,2,4,A
2,1,1,1,3,4,A
2,1,1,1,1,4,A
2,1,1,3,3,4,A
2,2,3,1,2,4,A
1,1,1,2,2,4,A
2,5,4,5,4,4,A
2,5,3,4,4,4,A
2,1,2,1,3,4,A
1,2,2,1,2,4,A
1,1,1,2,2,4,A
2,3,2,1,3,4,A
1,1,1,1,1,4,A
1,4,2,3,3,4,A
2,1,1,2,2,4,A
1,1,1,1,1,4,A
2,3,3,4,2,4,A
2,1,1,1,1,4,A
1,1,1,1,1,4,A
2,4,3,4,3,4,A
1,2,3,3,3,4,A
2,2,1,2,2,4,A
2,1,2,2,2,4,A
2,2,2,2,2,4,A
1,3,3,3,2,4,A
2,1,1,2,2,4,A
1,1,2,2,2,4,A
2,2,3,2,2,4,A
1,1,1,1,1,4,A
1,4,4,3,3,4,A
1,1,1,1,2,4,A
2,1,1,2,1,4,A
1,1,2,2,2,4,A
1,1,2,2,2,4,A
2,1,2,1,2,4,A
2,4,3,1,2,4,A
1,2,2,2,1,4,A
1,1,1,2,1,4,A
1,3,2,1,2,4,A
1,1,1,1,1,4,A
1,4,4,4,3,4,A
2,1,1,1,1,4,A
2,3,2,3,3,4,A
1,1,1,1,1,4,A
2,1,1,2,2,4,A
1,3,2,2,2,4,A
1,3,3,4,3,4,A
1,2,3,2,3,4,A
2,2,2,2,2,4,A
1,1,1,1,1,4,A
2,3,3,2,2,4,A
1,1,1,1,2,4,A
1,1,1,1,2,4,A
1,3,2,2,2,4,A
2,2,2,2,2,4,A
2,2,2,3,2,4,A
2,1,1,1,1,4,A
1,3,2,3,2,4,A
2,4,4,3,4,4,A
2,4,4,5,4,4,A
1,1,1,1,1,4,A
1,2,3,2,2,4,A
2,3,3,3,3,4,A
1,4,5,4,4,4,A
1,1,1,2,2,4,A
2,5,4,5,5,4,A
2,1,1,1,2,4,A
2,2,3,1,2,4,A
1,1,1,2,2,4,A
1,1,1,1,1,4,A
1,4,5,4,3,4,A
1,2,2,2,3,4,A
1,1,1,1,1,4,A
2,4,5,4,4,4,A
1,2,2,1,2,4,A
2,4,4,3,4,4,A
2,5,5,4,4,4,A
1,1,1,2,3,4,A
2,4,4,3,4,4,A
2,4,4,3,3,4,A
1,2,2,2,2,4,A
2,4,5,4,4,4,A
2,1,1,3,1,4,A
2,1,1,2,2,4,A
1,3,3,4,2,4,A
1,1,1,1,2,4,A
1,1,1,1,2,4,A
2,1,2,1,2,4,A
2,NA,NA,NA,NA,4,A
2,1,2,3,2,4,A
1,2,3,2,2,4,A
2,3,3,3,3,4,A
2,2,2,2,2,4,A
2,3,2,3,3,4,A
1,4,3,2,3,4,A
2,3,3,3,3,4,A
1,1,2,1,1,4,A
1,1,1,2,1,4,A
1,1,1,1,1,4,A
2,1,2,3,2,4,A
1,2,2,2,2,4,A
2,2,2,5,5,4,A
2,2,3,3,3,4,A
2,3,3,4,3,4,A
2,3,3,4,5,4,A
2,2,1,2,3,4,A
1,2,3,3,2,4,A
1,2,2,3,3,4,A
2,1,1,1,1,4,A
2,3,3,3,3,4,A
1,2,2,1,2,4,A
1,3,3,2,3,4,A
2,2,2,3,3,4,A
1,2,2,2,1,5,R
1,3,3,3,3,5,R
1,2,3,3,2,5,R
2,3,2,4,3,5,R
1,4,4,2,3,5,R
2,3,4,4,3,5,R
1,4,4,3,3,5,R
2,4,4,4,3,5,R
1,2,2,2,2,5,R
1,4,3,1,2,5,R
2,4,4,3,3,5,R
1,2,2,1,1,5,R
2,3,3,2,1,5,R
2,2,3,3,4,5,R
1,3,3,2,2,5,R
1,4,4,3,3,5,R
2,3,3,2,2,5,R
2,NA,NA,NA,NA,5,R
1,2,3,2,2,5,R
1,4,4,2,3,5,R
1,4,4,3,2,5,R
1,3,3,3,2,5,R
1,3,4,3,4,5,R
2,3,3,2,3,5,R
2,5,5,4,2,5,R
2,3,3,3,3,5,R
2,3,3,4,3,5,R
2,4,4,3,4,5,R
1,1,1,1,1,5,R
2,2,3,1,2,5,R
1,2,2,2,2,5,R
2,3,3,2,3,5,R
2,2,2,2,2,5,R
2,3,3,2,3,5,R
1,4,4,3,2,5,R
2,3,3,2,2,5,R
2,3,3,2,2,5,R
2,3,3,4,3,5,R
1,2,2,2,2,5,R
1,2,2,1,1,5,R
1,4,3,4,4,5,R
2,4,4,5,4,5,R
2,4,2,4,4,5,R
1,3,3,2,2,5,R
1,3,3,3,2,5,R
1,2,2,1,2,5,R
2,2,2,2,3,5,R
2,3,3,2,3,5,R
2,4,4,3,3,5,R
2,4,5,4,4,5,R
1,4,4,3,3,5,R
2,NA,NA,NA,NA,5,R
1,4,4,3,3,5,R
1,2,2,1,1,5,R
2,2,2,1,2,5,R
2,2,3,3,3,5,R
1,3,4,3,2,5,R
2,3,3,3,3,5,R
1,2,2,1,2,5,R
2,4,4,4,4,5,R
2,3,2,2,3,5,R
1,3,3,3,3,5,R
1,5,5,4,4,5,R
2,NA,NA,NA,NA,5,R
2,5,5,4,4,5,R
1,5,4,4,3,5,R
2,3,2,1,2,5,R
2,4,4,3,3,5,R
1,3,2,3,3,5,R
1,3,3,3,3,5,R
1,5,4,2,2,5,R
1,2,2,3,3,5,R
1,2,2,3,1,5,R
2,2,2,1,2,5,R
1,4,3,2,3,5,R
1,3,3,3,3,5,R
2,4,4,3,3,5,R
2,1,1,2,2,5,R
2,3,3,4,4,5,R
2,3,3,2,2,5,R
2,3,3,3,2,5,R
1,4,4,3,4,5,R
1,2,2,2,2,5,R
1,2,3,2,2,5,R
1,4,4,4,3,5,R
2,1,1,1,2,5,R
2,4,4,3,2,5,R
1,4,5,3,4,5,R
2,3,3,4,3,5,R
2,5,5,4,4,5,R
1,3,3,1,2,5,R
1,4,4,4,3,5,R
1,3,2,1,2,5,R
1,3,3,4,3,5,R
2,4,4,3,4,5,R
1,4,4,5,3,5,R
2,3,3,2,2,5,R
2,3,3,2,2,5,R
1,4,3,4,3,5,R
2,2,3,3,2,5,R
1,4,4,4,4,5,R
1,4,3,3,4,5,R
1,4,3,2,2,5,R
1,2,2,1,2,5,R
2,3,2,3,3,5,R
2,3,3,2,2,5,R
1,4,3,4,5,5,R
1,3,3,2,3,5,R
2,5,3,2,3,5,R
2,3,3,4,4,5,R
2,NA,NA,NA,NA,5,R
1,4,4,3,4,5,R
1,4,4,3,2,5,R
1,3,3,4,2,5,R
2,5,4,3,4,5,R
1,3,3,3,2,5,R
1,4,4,4,4,5,R
2,2,3,2,2,5,R
2,4,4,2,3,5,R
1,3,3,2,2,5,R
2,1,1,2,2,5,R
1,5,5,5,1,5,R
1,4,4,3,3,5,R
1,3,3,3,3,5,R
2,NA,NA,NA,NA,5,R
2,1,2,1,3,5,R
2,3,3,4,4,5,R
2,2,2,2,2,5,R
1,3,3,2,2,5,R
2,3,3,3,3,5,R
2,3,3,4,3,5,R
1,5,5,5,5,5,R
1,5,4,3,2,5,R
2,2,3,3,2,5,R
1,2,2,2,1,5,R
1,3,4,3,2,5,R
2,3,3,4,3,5,R
1,4,5,2,2,5,R
2,3,3,2,2,5,R
1,4,4,3,3,5,R
2,2,3,3,3,5,R
2,3,3,4,3,5,R
1,3,3,2,2,5,R
1,3,3,2,2,5,R
2,2,2,2,2,5,R
2,5,5,3,4,5,R
1,4,5,2,3,5,R
2,3,4,4,3,5,R
1,4,2,3,2,5,R
1,3,3,2,3,6,A
2,2,2,2,2,6,A
1,3,4,4,3,6,A
2,3,3,3,2,6,A
1,4,3,2,2,6,A
1,4,4,5,4,6,A
2,3,4,3,3,6,A
1,4,5,4,3,6,A
1,3,4,2,3,6,A
1,4,3,1,2,6,A
1,4,3,1,1,6,A
1,4,4,3,3,6,A
2,4,3,3,1,6,A
1,2,3,2,3,6,A
1,5,5,5,3,6,A
2,1,3,4,4,6,A
2,4,3,2,3,6,A
1,NA,NA,NA,NA,6,A
2,1,1,3,3,6,A
1,1,2,1,3,6,A
1,2,3,3,3,6,A
1,3,3,1,1,6,A
1,3,4,3,3,6,A
1,4,3,2,4,6,A
2,5,5,3,2,6,A
1,4,4,3,3,6,A
1,1,1,2,2,6,A
2,4,4,3,3,6,A
2,1,2,2,2,6,A
1,4,4,1,3,6,A
2,3,3,3,3,6,A
1,3,4,2,3,6,A
2,1,1,1,1,6,A
1,3,3,2,2,6,A
2,2,2,2,2,6,A
1,1,1,1,1,6,A
1,1,1,1,1,6,A
2,4,5,4,5,6,A
2,3,3,2,3,6,A
1,1,2,1,2,6,A
2,4,5,3,4,6,A
1,3,4,5,4,6,A
1,4,4,3,3,6,A
2,3,3,1,2,6,A
1,4,4,3,3,6,A
2,4,4,1,3,6,A
2,1,2,1,3,6,A
1,NA,NA,NA,NA,6,A
2,3,3,2,2,6,A
2,4,5,3,2,6,A
2,1,1,2,1,6,A
1,NA,NA,NA,NA,6,A
2,4,5,4,4,6,A
2,1,2,1,1,6,A
1,5,5,1,2,6,A
2,1,2,2,2,6,A
1,3,4,3,4,6,A
2,2,3,2,3,6,A
1,3,4,4,4,6,A
1,3,3,3,3,6,A
1,3,3,3,2,6,A
2,3,3,3,3,6,A
1,3,3,3,3,6,A
2,2,2,2,2,6,A
1,4,4,2,3,6,A
2,2,2,3,2,6,A
2,4,4,1,3,6,A
1,2,2,3,2,6,A
2,4,4,3,3,6,A
2,2,1,1,1,6,A
1,4,5,1,1,6,A
1,2,1,3,2,6,A
1,3,3,1,2,6,A
1,3,3,1,3,6,A
2,5,4,3,3,6,A
2,1,1,1,1,6,A
1,5,5,4,4,6,A
2,2,1,1,1,6,A
2,2,2,4,3,6,A
2,2,2,1,2,6,A
1,3,3,2,2,6,A
1,2,2,1,2,6,A
1,4,4,3,3,6,A
1,2,2,2,3,6,A
2,2,2,2,2,6,A
1,2,3,3,2,6,A
1,3,3,2,1,6,A
1,3,4,3,2,6,A
1,4,4,3,3,6,A
1,2,3,2,3,6,A
1,3,3,2,2,6,A
2,3,3,3,3,6,A
1,4,3,1,3,6,A
1,5,5,3,2,6,A
2,3,2,4,4,6,A
2,4,4,5,3,6,A
1,2,3,1,2,6,A
2,3,3,2,2,6,A
2,3,3,4,3,6,A
2,1,2,2,1,6,A
2,1,1,2,2,6,A
2,4,3,4,5,6,A
2,2,3,2,3,6,A
1,4,4,3,3,6,A
1,1,2,2,2,6,A
1,4,3,2,2,6,A
1,NA,NA,NA,NA,6,A
1,2,4,2,3,6,A
2,5,5,5,5,6,A
1,5,4,5,4,6,A
1,2,2,1,1,6,A
1,5,5,5,5,6,A
2,5,5,3,4,6,A
1,2,3,1,2,6,A
2,3,4,3,3,6,A
1,2,2,3,2,6,A
2,5,5,5,5,6,A
2,2,2,2,2,6,A
1,3,3,4,3,6,A
1,2,2,2,2,6,A
1,1,2,1,1,6,A
2,4,4,4,3,6,A
1,1,1,1,1,6,A
1,3,3,3,3,6,A
1,1,1,1,1,6,A
2,2,3,3,4,6,A
1,NA,NA,NA,NA,6,A
1,5,5,4,4,6,A
2,4,4,4,3,6,A
1,3,3,2,2,6,A
2,4,4,2,2,6,A
2,5,5,4,4,6,A
2,1,1,1,1,6,A
1,1,1,2,2,6,A
1,1,1,1,1,6,A
2,3,4,3,2,6,A
1,3,3,4,4,6,A
2,5,5,3,3,6,A
2,3,4,2,3,6,A
1,2,2,2,2,6,A
1,4,4,3,3,6,A
2,5,5,4,4,6,A
2,3,3,3,2,6,A
1,3,3,3,4,6,A
2,2,2,1,2,6,A
1,4,4,3,3,6,A
1,5,5,2,4,6,A
2,4,4,3,3,6,A
1,2,1,2,2,6,A
1,3,3,2,2,7,R
1,4,4,4,3,7,R
1,4,4,4,3,7,R
1,3,2,3,2,7,R
2,4,4,2,3,7,R
2,3,4,3,3,7,R
2,4,5,5,3,7,R
2,5,5,3,3,7,R
1,2,2,2,2,7,R
2,3,3,2,2,7,R
2,5,5,3,3,7,R
1,4,5,2,3,7,R
1,5,5,5,1,7,R
2,4,5,4,5,7,R
1,3,3,2,2,7,R
1,4,3,2,3,7,R
1,4,4,2,2,7,R
2,4,4,3,4,7,R
1,1,1,1,2,7,R
1,5,5,2,3,7,R
2,2,4,3,3,7,R
1,4,4,3,3,7,R
2,2,4,3,3,7,R
2,3,3,3,4,7,R
2,5,5,5,2,7,R
1,3,3,3,3,7,R
2,1,2,3,2,7,R
1,4,4,2,2,7,R
1,2,2,1,1,7,R
2,2,2,2,2,7,R
1,2,3,2,3,7,R
2,3,3,2,3,7,R
1,3,3,3,3,7,R
2,3,4,3,3,7,R
1,3,3,2,2,7,R
2,4,3,4,3,7,R
2,3,2,1,2,7,R
1,3,3,2,3,7,R
2,4,3,3,3,7,R
1,2,2,1,3,7,R
2,5,5,5,5,7,R
1,5,5,4,5,7,R
2,4,4,3,3,7,R
2,4,4,3,2,7,R
2,3,3,2,3,7,R
1,3,3,1,2,7,R
1,4,3,2,3,7,R
1,4,3,2,3,7,R
2,3,3,2,2,7,R
2,2,4,4,5,7,R
2,5,5,4,4,7,R
2,5,5,5,4,7,R
2,5,4,5,4,7,R
2,3,4,1,1,7,R
2,2,2,1,2,7,R
1,3,3,3,3,7,R
1,3,3,4,3,7,R
1,3,4,3,3,7,R
2,5,5,4,3,7,R
1,3,3,3,2,7,R
1,3,2,2,2,7,R
2,1,2,2,2,7,R
2,5,5,4,3,7,R
2,NA,NA,NA,NA,7,R
1,5,5,3,3,7,R
1,5,5,4,3,7,R
2,4,3,1,1,7,R
2,4,3,4,3,7,R
1,4,4,3,3,7,R
1,3,2,2,2,7,R
2,3,3,2,4,7,R
1,2,1,2,2,7,R
1,4,4,2,1,7,R
1,4,4,2,4,7,R
2,5,4,2,3,7,R
1,4,4,4,3,7,R
1,5,5,3,3,7,R
2,3,1,1,2,7,R
2,3,3,4,4,7,R
1,4,4,2,2,7,R
2,4,4,3,2,7,R
2,4,4,3,4,7,R
1,4,5,2,3,7,R
1,3,3,2,3,7,R
2,4,4,4,4,7,R
1,5,4,3,2,7,R
2,5,5,4,3,7,R
2,4,4,3,4,7,R
2,4,4,3,3,7,R
2,5,5,4,4,7,R
2,4,4,2,3,7,R
1,3,3,2,2,7,R
2,2,1,2,2,7,R
2,5,4,3,4,7,R
2,4,5,4,4,7,R
2,5,5,4,4,7,R
1,3,3,2,3,7,R
1,3,3,2,2,7,R
1,4,4,3,4,7,R
2,2,3,3,1,7,R
2,5,4,4,4,7,R
1,4,3,5,4,7,R
2,5,4,2,4,7,R
1,4,4,3,3,7,R
2,3,3,2,3,7,R
2,4,3,3,3,7,R
1,3,4,3,2,7,R
1,3,4,2,3,7,R
2,5,5,5,5,7,R
1,4,3,4,3,7,R
1,3,3,3,2,7,R
2,5,5,4,4,7,R
1,2,3,2,2,7,R
1,3,4,3,3,7,R
2,3,4,4,2,7,R
2,4,4,3,3,7,R
2,5,5,5,5,7,R
1,4,4,5,4,7,R
2,4,4,2,3,7,R
1,3,3,2,2,7,R
2,2,3,2,2,7,R
1,5,5,5,3,7,R
2,3,3,3,2,7,R
2,4,4,3,3,7,R
2,1,1,1,1,7,R
1,1,2,1,1,7,R
2,4,4,4,3,7,R
2,4,4,3,3,7,R
1,4,5,3,3,7,R
2,3,3,3,3,7,R
1,3,3,2,3,7,R
2,5,5,5,5,7,R
2,3,3,1,1,7,R
1,2,2,1,2,7,R
1,3,3,3,2,7,R
2,4,4,3,4,7,R
1,4,4,3,4,7,R
2,5,5,5,4,7,R
1,4,4,3,4,7,R
1,5,5,3,4,7,R
2,3,3,2,2,7,R
2,5,4,4,3,7,R
2,3,3,4,3,7,R
2,4,4,4,3,7,R
2,4,4,4,4,7,R
1,4,4,3,3,7,R
1,3,4,2,2,7,R
2,4,4,5,4,7,R
2,5,5,3,2,7,R
2,3,3,3,4,8,A
2,1,1,1,2,8,A
1,2,2,5,5,8,A
2,4,4,5,5,8,A
2,5,4,5,4,8,A
1,2,2,3,2,8,A
1,2,2,2,2,8,A
1,5,3,4,4,8,A
1,3,2,4,3,8,A
1,1,1,1,1,8,A
2,1,1,1,1,8,A
2,1,2,2,2,8,A
1,4,4,4,1,8,A
2,2,2,5,5,8,A
1,NA,NA,NA,NA,8,A
2,1,1,2,3,8,A
1,4,3,3,3,8,A
2,4,4,3,4,8,A
2,2,2,2,4,8,A
2,2,1,3,4,8,A
2,2,3,4,4,8,A
2,2,2,3,4,8,A
1,4,2,3,4,8,A
1,1,1,1,2,8,A
1,4,3,2,4,8,A
2,2,2,3,2,8,A
2,3,2,4,3,8,A
1,2,3,4,3,8,A
2,1,2,3,3,8,A
2,1,1,1,2,8,A
1,2,2,3,3,8,A
2,1,1,1,3,8,A
2,1,1,1,1,8,A
1,3,3,4,4,8,A
2,1,1,1,2,8,A
1,1,1,1,1,8,A
2,1,1,1,2,8,A
2,1,2,2,4,8,A
1,1,1,1,1,8,A
1,1,1,3,3,8,A
2,2,2,2,2,8,A
2,1,1,3,4,8,A
1,5,5,4,4,8,A
2,1,1,1,3,8,A
2,3,4,3,3,8,A
2,2,2,1,3,8,A
2,1,1,1,4,8,A
2,2,2,2,3,8,A
2,1,1,1,2,8,A
2,4,3,5,2,8,A
2,1,1,2,2,8,A
1,3,3,2,2,8,A
2,1,3,4,3,8,A
2,2,2,2,3,8,A
2,1,2,3,3,8,A
1,1,1,3,2,8,A
1,3,4,4,3,8,A
2,2,1,2,2,8,A
2,1,2,4,5,8,A
2,3,3,3,3,8,A
1,3,2,2,2,8,A
1,1,1,1,1,8,A
2,2,4,4,4,8,A
2,2,1,2,1,8,A
2,4,4,4,4,8,A
1,1,1,2,3,8,A
2,1,1,1,1,8,A
1,1,2,3,1,8,A
2,2,2,3,3,8,A
2,1,1,2,2,8,A
2,2,3,4,5,8,A
2,2,3,1,1,8,A
2,1,1,1,2,8,A
2,NA,NA,NA,NA,8,A
1,4,4,3,4,8,A
2,1,1,1,1,8,A
1,3,3,4,4,8,A
2,1,1,2,3,8,A
1,3,3,5,4,8,A
2,1,1,1,1,8,A
1,2,2,3,2,8,A
1,2,2,2,2,8,A
2,3,3,2,2,8,A
1,1,1,1,3,8,A
2,4,4,4,4,8,A
2,1,1,1,1,8,A
2,5,5,5,5,8,A
2,3,2,2,3,8,A
2,1,1,3,3,8,A
1,3,3,3,3,8,A
2,2,2,2,3,8,A
1,3,3,3,3,8,A
2,2,1,2,3,8,A
1,4,3,4,4,8,A
2,5,4,5,5,8,A
1,2,2,4,4,8,A
1,2,2,3,2,8,A
2,2,3,2,2,8,A
1,3,4,3,3,8,A
1,1,1,1,1,8,A
1,1,2,2,3,8,A
1,4,3,4,5,8,A
2,2,2,2,2,8,A
1,2,2,2,2,8,A
2,1,2,2,2,8,A
1,1,1,1,1,8,A
2,4,3,4,5,8,A
2,1,2,4,4,8,A
2,1,1,1,1,8,A
2,4,4,3,3,8,A
1,1,1,1,2,8,A
1,3,3,3,4,8,A
1,3,3,4,4,8,A
2,1,2,3,4,8,A
2,4,3,5,4,8,A
2,3,4,3,3,8,A
2,5,5,5,5,8,A
1,2,2,2,2,8,A
2,2,2,4,2,8,A
1,2,2,2,2,8,A
2,5,4,3,5,8,A
1,1,1,1,1,8,A
2,2,2,3,2,8,A
1,2,3,2,2,8,A
2,1,1,1,1,8,A
1,1,1,1,1,8,A
2,NA,NA,NA,NA,8,A
2,2,2,3,3,8,A
2,2,2,2,2,8,A
1,2,2,3,3,8,A
2,5,3,4,4,8,A
1,3,3,3,3,8,A
1,1,1,1,1,8,A
1,4,3,4,2,8,A
2,1,1,2,2,8,A
2,1,1,2,1,8,A
2,4,4,5,5,8,A
1,5,5,5,4,8,A
2,2,3,2,3,8,A
2,3,3,3,3,8,A
1,4,3,4,4,8,A
1,2,3,2,3,8,A
1,3,3,4,3,8,A
2,2,2,3,4,8,A
2,1,1,2,2,8,A
1,4,4,3,4,8,A
1,2,3,2,2,8,A
2,3,2,3,3,8,A
1,2,1,2,2,8,A
1,1,1,1,1,9,A
2,3,3,3,3,9,A
2,3,2,3,2,9,A
2,2,2,1,2,9,A
2,3,3,1,2,9,A
2,4,4,3,4,9,A
1,2,3,1,1,9,A
2,3,4,3,2,9,A
2,3,3,2,3,9,A
1,3,3,1,3,9,A
2,2,2,1,1,9,A
2,2,1,1,1,9,A
1,1,1,1,1,9,A
1,4,4,3,2,9,A
1,3,4,3,3,9,A
2,1,2,1,2,9,A
1,4,2,2,3,9,A
2,4,3,2,3,9,A
1,1,1,1,2,9,A
1,4,4,3,3,9,A
2,2,4,4,4,9,A
2,1,1,2,2,9,A
1,4,4,3,4,9,A
1,3,3,1,3,9,A
1,5,5,4,2,9,A
2,3,3,4,3,9,A
2,3,3,4,4,9,A
1,4,4,2,3,9,A
2,2,2,1,2,9,A
2,1,2,1,2,9,A
1,3,3,2,3,9,A
1,4,4,3,4,9,A
1,1,1,1,1,9,A
1,2,2,2,2,9,A
1,2,2,2,2,9,A
2,2,3,2,1,9,A
2,1,1,1,2,9,A
1,5,5,5,5,9,A
1,2,2,1,1,9,A
1,1,1,1,1,9,A
1,4,5,3,4,9,A
1,3,4,5,4,9,A
1,5,5,5,3,9,A
2,3,3,2,2,9,A
1,3,4,3,3,9,A
1,2,2,1,2,9,A
1,1,2,1,1,9,A
1,3,2,1,3,9,A
1,2,1,1,2,9,A
1,4,3,4,4,9,A
2,2,2,3,3,9,A
1,NA,NA,NA,NA,9,A
2,4,5,3,3,9,A
1,1,1,1,1,9,A
1,3,3,1,2,9,A
2,3,3,4,3,9,A
2,3,2,3,2,9,A
1,4,3,3,3,9,A
1,3,3,2,2,9,A
1,2,2,2,2,9,A
1,3,3,2,2,9,A
2,2,2,2,2,9,A
1,2,3,3,3,9,A
1,NA,NA,NA,NA,9,A
1,4,4,4,3,9,A
2,1,1,2,2,9,A
1,1,1,1,1,9,A
1,2,3,2,2,9,A
2,4,4,3,3,9,A
1,3,3,2,2,9,A
1,3,4,2,1,9,A
1,1,2,3,3,9,A
1,1,2,1,1,9,A
1,NA,NA,NA,NA,9,A
2,5,4,3,3,9,A
1,3,3,2,3,9,A
1,3,3,3,3,9,A
1,4,3,1,3,9,A
2,3,3,4,4,9,A
1,2,2,1,2,9,A
2,1,1,1,2,9,A
2,2,2,2,2,9,A
1,5,4,2,3,9,A
1,4,4,3,3,9,A
2,4,4,4,4,9,A
2,1,1,1,1,9,A
1,4,4,3,1,9,A
2,3,2,2,2,9,A
1,2,3,3,4,9,A
2,2,2,3,3,9,A
1,2,3,1,2,9,A
2,4,4,4,4,9,A
1,3,4,1,2,9,A
2,2,3,3,4,9,A
2,4,3,3,3,9,A
1,4,4,4,3,9,A
1,2,3,2,2,9,A
2,2,3,2,2,9,A
2,3,3,3,3,9,A
2,3,3,3,3,9,A
2,1,2,2,3,9,A
2,4,5,4,5,9,A
2,2,3,1,2,9,A
2,5,5,3,3,9,A
1,3,3,2,2,9,A
2,4,4,3,3,9,A
2,NA,NA,NA,NA,9,A
2,1,1,2,3,9,A
2,3,3,2,2,9,A
1,4,4,3,4,9,A
1,NA,NA,NA,NA,9,A
2,4,4,3,4,9,A
2,2,2,1,4,9,A
1,2,3,1,3,9,A
2,4,4,3,4,9,A
1,2,2,3,2,9,A
2,5,5,5,5,9,A
2,4,5,4,5,9,A
2,1,3,3,1,9,A
2,3,3,2,2,9,A
2,1,2,2,3,9,A
1,2,2,2,2,9,A
1,2,2,2,3,9,A
2,2,2,2,2,9,A
2,1,1,1,1,9,A
1,1,1,1,1,9,A
1,2,3,2,2,9,A
2,4,4,3,3,9,A
1,4,5,3,3,9,A
2,4,4,4,4,9,A
1,3,3,1,2,9,A
2,3,3,3,3,9,A
2,2,2,1,1,9,A
2,2,2,2,2,9,A
2,1,1,1,1,9,A
2,3,3,2,2,9,A
2,4,4,4,4,9,A
1,4,4,3,4,9,A
2,3,3,2,3,9,A
2,3,3,2,3,9,A
2,2,3,2,3,9,A
2,5,5,5,5,9,A
2,3,3,4,3,9,A
1,3,3,2,3,9,A
1,2,2,1,2,9,A
2,4,4,3,4,9,A
1,5,5,3,4,9,A
2,5,5,5,5,9,A
1,4,3,3,1,9,A
2,3,3,2,1,10,R
2,3,3,3,3,10,R
1,4,4,4,3,10,R
1,4,3,3,2,10,R
1,4,4,3,3,10,R
1,4,3,4,4,10,R
1,4,4,3,3,10,R
2,5,5,4,4,10,R
2,3,3,3,2,10,R
1,4,3,1,2,10,R
1,4,3,1,1,10,R
1,3,4,2,2,10,R
1,3,3,2,1,10,R
2,5,4,3,4,10,R
2,3,3,3,3,10,R
1,4,3,2,2,10,R
1,5,5,3,4,10,R
1,NA,NA,NA,NA,10,R
2,1,1,3,3,10,R
2,3,3,1,3,10,R
2,3,3,2,2,10,R
1,3,3,2,2,10,R
2,3,4,3,3,10,R
2,4,4,3,4,10,R
1,5,5,4,2,10,R
2,4,4,3,3,10,R
1,3,3,2,2,10,R
2,4,3,3,3,10,R
2,3,3,2,4,10,R
1,1,2,1,2,10,R
1,3,3,3,3,10,R
2,3,3,2,3,10,R
2,3,3,3,2,10,R
1,3,4,2,3,10,R
2,NA,NA,NA,NA,10,R
1,2,3,2,2,10,R
2,3,3,2,2,10,R
1,1,1,2,2,10,R
1,2,2,1,1,10,R
1,2,3,1,3,10,R
1,4,4,3,4,10,R
2,4,5,5,4,10,R
1,4,4,3,3,10,R
1,3,4,3,2,10,R
1,NA,NA,NA,NA,10,R
2,2,3,1,2,10,R
2,1,1,1,1,10,R
2,2,2,1,3,10,R
1,3,3,4,3,10,R
2,3,5,4,3,10,R
2,5,5,4,4,10,R
2,5,5,5,3,10,R
1,3,3,2,2,10,R
2,3,3,1,2,10,R
2,2,2,1,2,10,R
1,2,3,3,3,10,R
2,3,2,1,3,10,R
2,3,3,3,2,10,R
1,3,2,2,3,10,R
2,4,4,4,4,10,R
1,3,3,3,2,10,R
2,1,1,2,2,10,R
2,4,4,4,3,10,R
2,NA,NA,NA,NA,10,R
1,5,5,3,2,10,R
2,4,4,4,3,10,R
2,3,2,1,1,10,R
1,4,5,3,4,10,R
1,3,3,2,3,10,R
2,3,3,3,3,10,R
2,4,2,1,3,10,R
1,3,1,2,3,10,R
1,2,1,2,1,10,R
1,NA,NA,NA,NA,10,R
2,4,4,3,3,10,R
2,3,3,3,3,10,R
1,5,5,4,3,10,R
1,1,1,1,2,10,R
1,5,4,4,4,10,R
1,3,3,1,2,10,R
2,4,4,3,2,10,R
1,4,4,2,3,10,R
1,4,4,2,3,10,R
1,2,3,2,2,10,R
2,4,4,4,3,10,R
1,4,5,2,2,10,R
2,3,3,3,2,10,R
2,3,4,3,3,10,R
1,5,4,4,3,10,R
2,4,3,3,4,10,R
2,3,3,2,2,10,R
2,4,4,4,3,10,R
2,2,2,3,2,10,R
1,4,3,3,2,10,R
2,4,4,3,3,10,R
1,4,4,4,3,10,R
2,4,4,3,4,10,R
2,3,3,2,2,10,R
2,4,3,4,3,10,R
2,3,3,2,1,10,R
2,5,5,3,4,10,R
2,4,3,4,5,10,R
2,4,4,2,3,10,R
2,4,4,3,3,10,R
1,3,3,2,3,10,R
1,4,3,3,2,10,R
2,4,3,4,5,10,R
1,3,4,3,2,10,R
1,5,3,2,3,10,R
2,4,5,3,4,10,R
1,4,4,3,3,10,R
2,4,4,3,5,10,R
2,3,3,1,2,10,R
1,4,4,2,1,10,R
2,5,5,4,4,10,R
1,3,3,3,2,10,R
1,5,5,5,5,10,R
1,4,5,4,5,10,R
2,3,3,2,2,10,R
2,2,3,2,2,10,R
2,2,3,2,3,10,R
2,5,5,5,5,10,R
1,4,4,3,3,10,R
2,4,4,3,2,10,R
1,2,2,1,1,10,R
1,1,2,1,1,10,R
2,NA,NA,NA,NA,10,R
2,4,4,3,3,10,R
1,4,4,3,3,10,R
2,3,4,3,3,10,R
2,4,4,4,4,10,R
2,5,5,5,5,10,R
1,4,4,1,2,10,R
1,3,3,1,1,10,R
1,2,2,2,2,10,R
1,4,3,5,2,10,R
1,3,3,3,3,10,R
2,5,5,4,4,10,R
1,4,4,3,3,10,R
2,5,5,4,4,10,R
2,5,4,4,5,10,R
2,5,4,3,3,10,R
2,3,3,2,2,10,R
1,4,4,3,3,10,R
1,2,2,2,2,10,R
1,4,4,3,3,10,R
2,4,3,2,2,10,R
2,3,3,3,3,10,R
1,4,5,4,3,10,R
2,4,3,3,2,11,A
1,2,2,2,2,11,A
2,4,4,4,3,11,A
2,4,5,5,4,11,A
1,2,2,2,2,11,A
2,3,4,4,4,11,A
1,3,4,3,3,11,A
2,5,4,2,3,11,A
2,2,1,1,2,11,A
1,2,2,3,2,11,A
2,2,1,1,1,11,A
1,4,5,4,3,11,A
1,3,3,2,1,11,A
1,4,5,2,4,11,A
1,1,1,1,1,11,A
1,3,3,2,2,11,A
2,3,3,2,3,11,A
1,2,1,1,1,11,A
2,1,1,3,3,11,A
1,4,4,2,3,11,A
1,2,2,3,2,11,A
2,4,4,3,3,11,A
1,3,4,3,3,11,A
1,3,3,2,3,11,A
2,5,5,4,3,11,A
2,3,3,2,2,11,A
2,1,2,3,3,11,A
1,3,3,2,3,11,A
1,2,2,1,2,11,A
1,1,2,1,2,11,A
1,2,2,2,3,11,A
1,4,4,2,3,11,A
2,2,2,2,2,11,A
1,3,2,3,4,11,A
2,2,2,2,2,11,A
1,1,1,1,1,11,A
2,2,2,1,2,11,A
2,4,4,5,5,11,A
2,3,3,3,2,11,A
2,2,2,3,3,11,A
2,5,5,4,5,11,A
1,4,5,4,5,11,A
2,2,3,4,3,11,A
2,2,2,1,2,11,A
2,3,4,2,2,11,A
1,2,2,1,2,11,A
2,1,1,1,2,11,A
1,3,3,2,3,11,A
2,3,3,3,2,11,A
2,2,4,3,5,11,A
1,1,1,1,2,11,A
1,2,2,2,2,11,A
2,4,5,4,3,11,A
2,1,2,1,1,11,A
2,1,1,1,1,11,A
1,3,3,4,3,11,A
2,3,2,3,2,11,A
1,3,3,3,3,11,A
1,4,5,3,3,11,A
1,3,3,3,3,11,A
1,3,3,3,2,11,A
2,2,2,2,2,11,A
2,2,3,3,3,11,A
1,2,2,1,2,11,A
2,5,5,3,3,11,A
1,4,4,3,3,11,A
1,4,3,2,1,11,A
1,3,3,2,3,11,A
2,3,4,3,3,11,A
1,3,3,2,2,11,A
2,4,5,1,4,11,A
1,3,2,3,3,11,A
1,2,2,1,2,11,A
1,3,3,1,3,11,A
2,3,3,1,2,11,A
2,1,1,1,1,11,A
2,5,5,4,3,11,A
1,1,1,1,2,11,A
1,3,3,5,4,11,A
1,1,1,1,1,11,A
2,1,1,1,1,11,A
1,1,1,1,1,11,A
1,4,4,3,2,11,A
1,2,2,2,2,11,A
1,3,3,2,2,11,A
2,1,1,2,2,11,A
1,4,4,4,3,11,A
2,3,4,2,3,11,A
1,4,4,4,3,11,A
1,3,3,2,3,11,A
1,3,3,1,2,11,A
2,4,4,4,3,11,A
2,3,4,3,3,11,A
2,5,4,3,3,11,A
1,2,3,2,3,11,A
1,5,5,5,4,11,A
1,2,3,2,2,11,A
2,2,3,2,2,11,A
1,3,4,3,3,11,A
1,2,2,2,1,11,A
2,1,1,2,2,11,A
1,5,4,5,4,11,A
2,4,4,3,3,11,A
2,5,4,3,4,11,A
1,1,2,2,2,11,A
1,5,4,3,3,11,A
1,NA,NA,NA,NA,11,A
1,3,3,2,3,11,A
1,5,3,1,2,11,A
2,4,5,4,4,11,A
1,3,3,3,3,11,A
1,5,5,4,5,11,A
1,5,5,4,3,11,A
2,3,3,1,2,11,A
1,4,5,2,3,11,A
1,2,2,3,2,11,A
2,2,2,2,2,11,A
1,4,5,4,5,11,A
1,3,3,3,2,11,A
2,3,4,3,3,11,A
2,1,1,1,2,11,A
2,3,2,2,1,11,A
1,3,2,2,2,11,A
1,2,2,2,2,11,A
2,NA,NA,NA,NA,11,A
1,1,2,1,1,11,A
2,3,3,4,3,11,A
2,2,2,2,2,11,A
2,3,3,4,3,11,A
1,3,3,2,2,11,A
2,3,3,4,3,11,A
2,5,5,4,4,11,A
1,2,1,1,1,11,A
1,2,2,3,2,11,A
2,2,2,2,4,11,A
1,4,5,2,3,11,A
2,3,3,4,4,11,A
2,5,5,5,4,11,A
1,2,3,2,3,11,A
2,4,4,4,4,11,A
2,4,5,3,3,11,A
1,3,4,4,3,11,A
2,3,3,3,2,11,A
2,2,2,2,3,11,A
1,2,2,2,2,11,A
2,4,4,3,3,11,A
2,5,4,2,2,11,A
2,3,3,3,3,11,A
2,4,5,5,4,11,A
2,4,4,3,2,12,R
1,4,4,4,3,12,R
1,5,5,4,4,12,R
1,3,3,3,2,12,R
1,4,4,3,2,12,R
1,3,4,4,4,12,R
1,3,3,3,2,12,R
2,5,4,2,2,12,R
1,3,4,3,3,12,R
2,4,3,2,3,12,R
1,4,4,1,2,12,R
2,2,2,1,2,12,R
1,3,4,2,1,12,R
2,5,5,5,5,12,R
2,4,3,4,4,12,R
2,4,3,3,3,12,R
2,4,4,3,2,12,R
2,NA,NA,NA,NA,12,R
2,1,1,3,3,12,R
2,5,5,3,3,12,R
2,3,3,2,2,12,R
2,4,4,4,2,12,R
2,3,4,3,3,12,R
1,4,4,2,4,12,R
2,5,5,5,2,12,R
2,5,5,3,3,12,R
1,2,3,1,2,12,R
1,4,4,3,2,12,R
1,2,2,1,2,12,R
2,2,3,2,2,12,R
1,2,3,2,3,12,R
2,4,3,2,3,12,R
2,3,3,3,2,12,R
2,3,4,2,4,12,R
2,3,3,3,3,12,R
2,5,4,5,4,12,R
2,3,2,2,2,12,R
2,3,3,4,3,12,R
1,3,3,2,2,12,R
1,3,3,1,3,12,R
1,5,4,3,4,12,R
1,3,4,5,4,12,R
2,4,3,3,3,12,R
2,5,3,5,4,12,R
2,4,4,3,3,12,R
2,2,2,1,2,12,R
2,2,2,2,3,12,R
1,4,4,2,3,12,R
1,2,2,1,2,12,R
2,4,5,3,2,12,R
1,4,5,3,3,12,R
2,NA,NA,NA,NA,12,R
1,4,4,3,3,12,R
1,2,2,1,1,12,R
2,5,5,4,4,12,R
1,2,3,3,3,12,R
1,3,4,3,4,12,R
1,3,3,3,3,12,R
2,5,5,4,3,12,R
2,3,3,3,3,12,R
1,3,3,3,2,12,R
1,2,2,2,2,12,R
2,5,5,4,3,12,R
2,NA,NA,NA,NA,12,R
2,5,5,4,4,12,R
2,5,4,4,3,12,R
1,4,3,1,1,12,R
1,5,3,3,3,12,R
1,3,3,3,3,12,R
2,3,3,3,2,12,R
1,4,3,2,1,12,R
1,1,2,2,1,12,R
1,3,3,1,2,12,R
2,4,4,2,4,12,R
2,4,4,2,3,12,R
1,3,3,3,3,12,R
1,5,5,4,3,12,R
1,3,1,2,3,12,R
2,3,3,4,4,12,R
1,4,4,2,2,12,R
1,4,4,2,2,12,R
1,4,4,2,3,12,R
1,4,4,3,4,12,R
1,2,3,3,3,12,R
2,5,5,5,5,12,R
2,4,4,2,2,12,R
1,4,4,3,2,12,R
2,4,4,3,3,12,R
1,5,4,4,3,12,R
1,3,4,3,4,12,R
2,3,4,2,2,12,R
2,5,5,4,4,12,R
2,2,1,2,3,12,R
2,4,2,3,3,12,R
2,5,5,4,4,12,R
2,5,5,5,4,12,R
1,3,3,2,3,12,R
2,3,3,2,2,12,R
1,4,4,4,4,12,R
2,4,4,3,3,12,R
2,5,4,4,4,12,R
2,5,4,5,5,12,R
1,4,4,3,3,12,R
2,4,3,4,4,12,R
1,3,3,2,3,12,R
2,5,4,4,4,12,R
1,3,2,3,4,12,R
1,3,3,2,3,12,R
1,5,5,5,3,12,R
1,4,3,3,4,12,R
2,4,4,3,2,12,R
2,4,3,3,4,12,R
1,2,2,1,2,12,R
2,2,3,2,3,12,R
2,4,4,3,3,12,R
1,3,4,3,2,12,R
2,5,5,5,5,12,R
1,4,5,4,5,12,R
1,4,4,2,2,12,R
1,3,3,2,3,12,R
2,1,3,1,2,12,R
2,4,3,4,4,12,R
1,4,3,2,2,12,R
1,4,4,3,3,12,R
2,NA,NA,NA,NA,12,R
2,3,4,2,3,12,R
2,NA,NA,NA,NA,12,R
2,5,5,4,3,12,R
1,5,5,3,3,12,R
1,3,3,3,2,12,R
2,5,4,5,4,12,R
2,5,5,5,5,12,R
2,5,5,3,4,12,R
2,3,3,2,2,12,R
1,3,3,2,2,12,R
1,5,5,2,2,12,R
2,4,4,4,4,12,R
1,5,5,4,3,12,R
2,4,4,3,4,12,R
2,5,5,4,4,12,R
1,5,4,3,3,12,R
2,4,4,4,4,12,R
1,3,3,2,2,12,R
2,4,4,5,4,12,R
1,4,3,3,3,12,R
2,5,4,3,4,12,R
2,4,5,2,3,12,R
2,4,4,4,4,12,R
2,5,5,4,3,12,R
2,5,5,3,2,13,R
2,3,3,3,3,13,R
1,3,3,3,2,13,R
1,3,2,4,3,13,R
2,4,4,2,2,13,R
2,4,4,5,4,13,R
2,4,4,4,3,13,R
2,5,5,2,2,13,R
2,3,4,3,3,13,R
1,5,4,2,3,13,R
2,5,5,1,3,13,R
1,4,4,3,3,13,R
1,5,5,5,1,13,R
1,4,5,3,4,13,R
1,NA,NA,NA,NA,13,R
1,5,4,3,3,13,R
1,3,3,2,2,13,R
2,NA,NA,NA,NA,13,R
2,1,1,3,4,13,R
1,4,3,1,2,13,R
2,2,4,4,3,13,R
1,5,5,3,4,13,R
1,4,3,2,3,13,R
2,3,3,2,3,13,R
1,5,5,4,2,13,R
2,5,5,3,3,13,R
2,3,3,3,3,13,R
1,4,3,3,2,13,R
2,2,3,1,2,13,R
1,1,2,1,2,13,R
2,4,4,5,5,13,R
2,4,4,3,4,13,R
1,3,3,3,3,13,R
2,3,2,1,2,13,R
1,3,3,2,2,13,R
2,3,3,3,2,13,R
1,4,3,2,3,13,R
1,4,4,4,4,13,R
2,5,4,3,4,13,R
1,3,3,1,3,13,R
2,5,5,4,4,13,R
2,5,5,3,4,13,R
1,3,3,2,2,13,R
1,2,3,1,2,13,R
1,4,3,4,1,13,R
1,2,2,1,2,13,R
2,2,3,3,3,13,R
1,2,2,1,3,13,R
2,5,5,4,4,13,R
2,5,4,4,3,13,R
2,5,5,3,4,13,R
2,5,5,5,5,13,R
1,5,5,4,3,13,R
2,1,2,1,1,13,R
1,2,2,1,1,13,R
1,3,4,4,3,13,R
1,4,3,3,3,13,R
1,4,3,3,3,13,R
2,5,5,5,4,13,R
1,3,3,3,3,13,R
2,2,2,3,2,13,R
1,4,4,4,3,13,R
1,4,4,4,4,13,R
2,4,3,3,3,13,R
1,5,5,4,4,13,R
1,4,4,3,3,13,R
2,5,4,1,2,13,R
2,4,5,3,4,13,R
1,4,4,4,3,13,R
1,4,4,3,3,13,R
2,4,4,3,4,13,R
2,3,3,2,3,13,R
2,3,4,2,2,13,R
2,NA,NA,NA,NA,13,R
2,5,4,2,3,13,R
1,4,4,3,3,13,R
2,5,5,4,3,13,R
1,2,1,1,2,13,R
1,4,4,3,4,13,R
1,4,4,2,2,13,R
2,4,5,3,3,13,R
2,4,4,3,4,13,R
1,4,5,3,3,13,R
1,2,3,3,3,13,R
2,4,4,4,4,13,R
1,2,1,1,1,13,R
2,4,4,4,2,13,R
2,4,5,3,3,13,R
2,4,3,2,3,13,R
2,4,4,4,4,13,R
2,4,4,2,3,13,R
1,4,4,3,3,13,R
2,2,2,3,2,13,R
1,4,3,4,4,13,R
1,4,4,3,3,13,R
2,5,5,3,3,13,R
1,4,4,3,4,13,R
1,3,3,2,2,13,R
2,4,5,4,4,13,R
1,4,5,4,4,13,R
2,5,4,4,4,13,R
1,5,4,5,4,13,R
2,5,4,3,4,13,R
2,4,5,4,4,13,R
2,3,3,2,3,13,R
2,4,3,3,3,13,R
2,4,3,4,5,13,R
1,3,4,3,3,13,R
2,5,5,5,3,13,R
1,4,3,3,4,13,R
2,4,3,4,3,13,R
1,5,5,4,4,13,R
1,3,4,2,2,13,R
2,2,3,3,2,13,R
2,4,5,3,3,13,R
1,3,4,3,2,13,R
2,5,5,5,5,13,R
1,4,4,5,4,13,R
2,4,4,2,3,13,R
1,3,3,3,2,13,R
1,1,3,1,2,13,R
1,5,5,4,4,13,R
1,3,3,2,2,13,R
1,3,3,3,3,13,R
2,1,2,1,1,13,R
2,2,4,2,4,13,R
2,5,4,5,4,13,R
2,4,4,4,3,13,R
2,4,4,3,3,13,R
1,2,2,2,2,13,R
2,5,5,5,3,13,R
2,5,5,5,5,13,R
1,3,2,1,2,13,R
2,3,4,2,2,13,R
2,2,2,3,3,13,R
2,4,5,3,4,13,R
2,4,4,4,4,13,R
2,5,5,4,4,13,R
2,4,4,4,4,13,R
2,5,5,4,5,13,R
1,5,5,4,4,13,R
2,4,3,2,3,13,R
2,3,3,2,2,13,R
2,4,4,3,3,13,R
1,3,3,3,3,13,R
2,5,5,3,4,13,R
2,5,4,3,2,13,R
1,4,4,4,3,13,R
2,5,4,4,3,13,R
2,1,2,2,2,14,A
2,1,1,1,2,14,A
2,3,4,4,5,14,A
2,2,2,2,2,14,A
2,3,3,5,5,14,A
1,2,3,2,2,14,A
2,2,2,1,2,14,A
1,5,5,4,4,14,A
1,4,4,4,4,14,A
2,1,1,4,4,14,A
2,1,1,1,1,14,A
1,1,1,1,1,14,A
1,4,5,5,1,14,A
1,2,1,2,2,14,A
1,1,1,1,1,14,A
1,1,2,2,2,14,A
1,4,3,3,4,14,A
1,NA,NA,NA,NA,14,A
2,1,1,3,4,14,A
2,2,2,3,4,14,A
2,3,2,3,2,14,A
2,1,1,3,3,14,A
1,3,4,3,4,14,A
2,1,1,1,3,14,A
2,2,3,2,3,14,A
2,2,2,2,2,14,A
2,3,3,4,3,14,A
2,2,2,3,3,14,A
2,1,2,3,2,14,A
2,1,2,2,2,14,A
1,2,2,2,3,14,A
2,2,2,2,3,14,A
2,1,1,1,1,14,A
1,2,2,1,3,14,A
1,2,2,2,1,14,A
1,1,1,1,1,14,A
2,1,1,1,2,14,A
1,1,1,1,1,14,A
2,1,1,1,1,14,A
2,1,1,1,3,14,A
1,2,2,1,2,14,A
2,1,1,3,3,14,A
2,5,4,4,4,14,A
2,3,2,2,2,14,A
2,1,3,3,2,14,A
1,1,1,1,2,14,A
1,1,1,1,2,14,A
2,3,2,1,3,14,A
1,1,1,1,1,14,A
1,4,2,3,4,14,A
2,1,1,1,2,14,A
1,2,2,2,2,14,A
2,1,4,3,2,14,A
1,1,1,1,1,14,A
1,1,1,1,1,14,A
2,3,3,3,3,14,A
2,3,4,3,3,14,A
1,2,3,3,3,14,A
1,3,3,4,3,14,A
1,2,2,2,2,14,A
1,3,4,2,2,14,A
1,1,1,2,2,14,A
2,1,2,2,3,14,A
1,NA,NA,NA,NA,14,A
1,1,1,1,1,14,A
1,1,2,3,2,14,A
1,1,1,1,2,14,A
1,1,2,3,1,14,A
1,2,2,2,2,14,A
2,1,1,1,1,14,A
2,3,4,2,5,14,A
1,3,2,1,2,14,A
2,2,1,2,2,14,A
1,NA,NA,NA,NA,14,A
2,3,3,1,3,14,A
2,1,1,1,1,14,A
1,3,3,3,4,14,A
1,1,1,1,2,14,A
2,4,3,4,5,14,A
1,1,1,1,1,14,A
1,1,1,1,1,14,A
1,2,2,2,2,14,A
2,3,3,3,2,14,A
1,1,1,1,1,14,A
2,2,2,2,2,14,A
1,1,1,1,1,14,A
1,3,3,2,1,14,A
2,2,2,2,3,14,A
1,3,2,4,4,14,A
1,2,3,3,3,14,A
1,1,1,1,1,14,A
2,2,2,2,2,14,A
1,2,1,1,1,14,A
1,5,3,4,5,14,A
2,4,3,4,4,14,A
2,2,2,3,2,14,A
2,2,2,2,2,14,A
2,2,3,2,2,14,A
2,4,3,4,4,14,A
2,3,3,2,4,14,A
1,1,1,2,3,14,A
2,4,3,4,5,14,A
1,1,1,1,1,14,A
1,2,2,2,2,14,A
2,1,1,1,2,14,A
2,1,1,1,1,14,A
1,3,2,3,4,14,A
2,1,2,2,4,14,A
2,1,3,1,1,14,A
2,4,3,4,3,14,A
1,1,1,1,1,14,A
1,5,4,2,3,14,A
2,5,5,4,5,14,A
1,3,3,4,3,14,A
1,4,3,2,3,14,A
1,4,4,3,3,14,A
2,3,3,3,3,14,A
1,4,5,5,4,14,A
2,2,2,3,1,14,A
2,1,1,1,2,14,A
1,4,3,4,3,14,A
1,1,1,1,1,14,A
1,2,2,3,2,14,A
1,1,1,1,2,14,A
2,NA,NA,NA,NA,14,A
2,1,1,2,2,14,A
1,NA,NA,NA,NA,14,A
1,4,4,4,3,14,A
1,2,2,2,2,14,A
1,2,2,3,2,14,A
1,2,1,1,2,14,A
2,3,3,3,3,14,A
2,1,1,1,1,14,A
2,3,2,3,3,14,A
1,1,1,1,1,14,A
1,1,1,2,3,14,A
2,5,5,5,5,14,A
1,3,3,2,4,14,A
2,2,2,1,2,14,A
2,2,1,2,1,14,A
2,3,2,3,4,14,A
2,4,3,2,3,14,A
2,3,2,4,3,14,A
2,1,1,2,4,14,A
1,2,2,2,2,14,A
2,2,3,3,3,14,A
2,2,2,2,3,14,A
1,3,3,3,3,14,A
1,3,1,2,4,14,A
1,2,2,1,2,15,A
2,1,1,1,2,15,A
1,4,5,4,4,15,A
1,2,2,1,2,15,A
1,3,3,2,2,15,A
2,2,1,1,1,15,A
2,2,2,2,3,15,A
1,4,4,2,3,15,A
2,3,3,2,3,15,A
2,1,1,2,3,15,A
1,1,1,1,1,15,A
2,1,1,1,2,15,A
1,2,3,2,1,15,A
2,4,5,3,4,15,A
1,1,1,1,1,15,A
2,1,2,4,4,15,A
1,3,3,2,2,15,A
2,2,3,3,2,15,A
1,1,1,1,2,15,A
2,2,2,3,4,15,A
1,2,2,2,1,15,A
1,1,1,1,1,15,A
1,3,4,4,3,15,A
2,1,1,1,3,15,A
1,3,3,2,4,15,A
1,2,2,2,2,15,A
1,3,3,2,2,15,A
1,3,3,2,2,15,A
1,1,2,1,2,15,A
1,2,3,2,2,15,A
2,5,4,5,4,15,A
1,3,3,3,3,15,A
1,1,1,1,1,15,A
1,2,3,1,3,15,A
1,1,1,1,1,15,A
2,3,4,3,3,15,A
2,3,2,1,2,15,A
1,4,4,5,5,15,A
1,1,1,1,1,15,A
2,1,1,3,3,15,A
1,3,3,2,3,15,A
2,2,2,4,3,15,A
1,4,4,4,3,15,A
1,3,2,2,2,15,A
2,3,2,3,3,15,A
2,2,2,1,2,15,A
2,1,1,1,3,15,A
2,3,3,2,4,15,A
2,1,1,2,2,15,A
2,3,4,2,4,15,A
2,1,1,1,2,15,A
1,2,2,2,2,15,A
2,1,1,1,1,15,A
2,1,2,1,1,15,A
1,1,1,1,1,15,A
1,2,2,3,2,15,A
2,3,4,3,4,15,A
2,3,3,2,3,15,A
1,2,2,1,3,15,A
2,4,4,4,4,15,A
2,3,3,3,2,15,A
2,1,1,1,2,15,A
1,1,2,2,2,15,A
2,NA,NA,NA,NA,15,A
1,1,1,1,2,15,A
1,1,1,2,2,15,A
2,1,1,1,1,15,A
1,1,1,1,1,15,A
2,3,3,3,3,15,A
1,1,1,1,1,15,A
1,3,5,1,1,15,A
1,2,2,3,3,15,A
2,2,1,2,2,15,A
2,NA,NA,NA,NA,15,A
2,4,4,2,4,15,A
2,1,1,1,2,15,A
2,2,2,3,4,15,A
1,1,1,1,2,15,A
2,3,3,4,4,15,A
1,1,1,1,1,15,A
1,2,2,1,2,15,A
1,2,2,2,2,15,A
2,4,4,4,3,15,A
1,2,3,3,3,15,A
1,2,2,2,1,15,A
1,1,1,1,1,15,A
1,4,4,3,2,15,A
1,2,2,2,2,15,A
2,1,1,1,3,15,A
1,3,3,3,2,15,A
1,2,2,2,2,15,A
2,NA,NA,NA,NA,15,A
1,1,2,1,1,15,A
1,3,3,2,3,15,A
1,3,2,3,3,15,A
2,3,3,4,4,15,A
1,2,3,2,3,15,A
1,2,3,2,2,15,A
1,3,3,2,3,15,A
1,3,3,4,3,15,A
1,1,1,2,2,15,A
2,4,3,5,4,15,A
2,2,1,1,2,15,A
1,4,3,3,3,15,A
1,2,1,2,2,15,A
2,3,2,3,2,15,A
2,3,4,3,4,15,A
2,2,3,4,4,15,A
2,1,1,1,3,15,A
2,4,4,3,4,15,A
1,NA,NA,NA,NA,15,A
2,4,4,4,5,15,A
2,4,4,4,5,15,A
1,3,3,1,1,15,A
2,3,4,3,2,15,A
2,4,4,3,3,15,A
1,5,5,5,4,15,A
2,4,5,4,4,15,A
1,3,3,3,2,15,A
1,2,2,2,2,15,A
2,5,4,4,4,15,A
1,3,4,3,3,15,A
2,2,2,2,2,15,A
1,1,2,1,2,15,A
2,1,1,1,1,15,A
2,2,2,3,3,15,A
2,NA,NA,NA,NA,15,A
2,3,3,3,3,15,A
2,2,2,2,2,15,A
2,3,3,3,3,15,A
1,3,3,1,3,15,A
1,5,4,3,3,15,A
1,1,1,1,1,15,A
2,4,4,3,3,15,A
2,1,1,1,3,15,A
1,1,2,2,2,15,A
1,4,4,4,4,15,A
2,4,3,4,5,15,A
2,2,3,2,3,15,A
1,3,3,2,2,15,A
2,5,4,5,5,15,A
2,5,5,4,4,15,A
1,3,3,3,2,15,A
2,2,2,2,4,15,A
1,2,2,1,2,15,A
2,5,4,3,4,15,A
1,2,3,3,3,15,A
2,3,3,3,3,15,A
1,3,3,4,3,15,A
2,2,3,2,2,16,R
1,2,2,1,2,16,R
2,1,1,2,3,16,R
2,2,3,3,3,16,R
2,4,5,4,4,16,R
2,2,3,2,2,16,R
1,3,2,2,2,16,R
2,5,5,3,4,16,R
2,4,5,3,4,16,R
1,3,4,1,2,16,R
1,2,2,1,1,16,R
2,3,4,3,3,16,R
2,5,4,1,1,16,R
2,4,4,3,3,16,R
1,2,2,2,2,16,R
2,2,3,2,4,16,R
2,4,4,2,4,16,R
2,3,4,3,4,16,R
1,4,5,1,2,16,R
2,1,1,2,3,16,R
1,3,3,2,2,16,R
2,2,2,3,3,16,R
2,3,4,2,3,16,R
2,3,3,1,3,16,R
2,2,3,2,3,16,R
1,2,2,2,2,16,R
1,3,3,2,2,16,R
1,2,3,2,2,16,R
1,2,2,1,2,16,R
2,3,4,1,3,16,R
1,2,3,3,3,16,R
2,2,2,2,3,16,R
2,3,3,3,3,16,R
1,4,4,1,3,16,R
2,2,2,2,2,16,R
2,2,2,3,1,16,R
1,2,1,1,1,16,R
1,5,5,5,5,16,R
1,2,2,2,1,16,R
2,2,2,3,3,16,R
2,3,3,2,3,16,R
2,1,1,2,2,16,R
2,4,4,5,4,16,R
2,4,4,4,3,16,R
1,4,4,2,2,16,R
1,3,3,1,2,16,R
1,1,1,1,3,16,R
2,3,3,2,4,16,R
1,1,1,1,2,16,R
1,4,5,5,3,16,R
2,3,3,3,2,16,R
1,5,5,5,3,16,R
1,5,5,2,3,16,R
1,1,2,1,2,16,R
1,4,4,1,2,16,R
1,2,2,2,3,16,R
1,3,2,3,2,16,R
1,3,3,2,3,16,R
2,3,4,3,4,16,R
2,3,3,3,3,16,R
1,3,3,2,2,16,R
2,1,1,2,2,16,R
1,5,5,3,3,16,R
2,NA,NA,NA,NA,16,R
1,4,4,3,3,16,R
2,2,1,2,2,16,R
2,1,1,1,1,16,R
1,2,3,3,2,16,R
1,3,4,3,3,16,R
2,4,4,3,4,16,R
2,2,3,1,1,16,R
2,1,2,2,2,16,R
2,1,1,1,2,16,R
2,NA,NA,NA,NA,16,R
2,3,2,1,2,16,R
2,2,3,3,3,16,R
1,4,4,3,2,16,R
2,3,2,1,2,16,R
2,4,4,4,5,16,R
1,1,1,1,1,16,R
2,3,3,2,3,16,R
2,2,2,2,2,16,R
1,3,4,2,3,16,R
2,3,3,3,4,16,R
1,4,4,4,4,16,R
1,4,3,1,2,16,R
2,3,4,2,1,16,R
2,4,5,3,4,16,R
1,3,3,2,3,16,R
1,4,4,4,4,16,R
2,2,3,1,2,16,R
1,3,3,3,3,16,R
2,1,2,2,2,16,R
1,2,2,1,1,16,R
1,2,3,2,2,16,R
2,3,3,4,3,16,R
2,3,4,2,4,16,R
2,3,3,2,2,16,R
1,4,4,3,4,16,R
2,3,3,2,1,16,R
2,5,5,3,3,16,R
1,5,4,3,5,16,R
2,2,2,1,3,16,R
1,4,4,2,3,16,R
2,3,3,2,2,16,R
2,4,3,3,2,16,R
2,3,4,5,4,16,R
2,2,2,2,3,16,R
1,5,5,3,2,16,R
2,3,3,4,4,16,R
2,3,3,4,4,16,R
1,5,5,4,4,16,R
2,3,2,2,2,16,R
1,4,3,1,1,16,R
2,3,3,4,3,16,R
2,4,5,3,4,16,R
2,3,3,3,3,16,R
1,5,4,5,4,16,R
1,3,3,2,2,16,R
2,2,2,1,2,16,R
2,5,4,2,4,16,R
2,4,4,3,3,16,R
2,4,3,3,2,16,R
2,3,3,2,2,16,R
1,1,1,1,1,16,R
2,2,3,1,4,16,R
2,NA,NA,NA,NA,16,R
1,5,5,4,4,16,R
1,4,4,3,3,16,R
2,4,4,3,3,16,R
2,3,3,4,4,16,R
1,5,5,4,4,16,R
2,1,1,1,2,16,R
1,4,5,2,2,16,R
1,1,1,1,2,16,R
1,4,4,2,3,16,R
1,3,3,3,3,16,R
1,4,4,3,3,16,R
2,2,3,2,3,16,R
1,4,4,3,3,16,R
1,3,2,3,3,16,R
2,3,4,2,3,16,R
1,3,3,3,2,16,R
2,2,2,2,4,16,R
2,2,2,2,2,16,R
1,4,4,3,4,16,R
1,2,3,2,2,16,R
1,3,3,3,2,16,R
1,4,4,3,2,16,R
2,3,3,2,2,17,A
2,2,2,2,2,17,A
1,5,5,4,4,17,A
2,2,1,1,1,17,A
2,4,5,3,4,17,A
2,4,5,4,4,17,A
1,3,3,2,3,17,A
2,5,5,4,4,17,A
2,4,4,2,4,17,A
2,2,2,3,4,17,A
1,3,3,1,1,17,A
1,5,5,5,3,17,A
1,NA,NA,NA,NA,17,A
2,2,3,3,4,17,A
1,4,4,4,3,17,A
2,2,3,4,4,17,A
2,3,3,2,2,17,A
1,NA,NA,NA,NA,17,A
1,1,1,1,2,17,A
1,5,5,3,2,17,A
2,3,4,2,3,17,A
1,1,2,2,3,17,A
2,3,4,3,2,17,A
2,2,3,3,4,17,A
2,5,5,3,3,17,A
2,3,3,3,2,17,A
1,1,1,2,2,17,A
1,4,4,3,3,17,A
2,1,1,1,2,17,A
2,3,3,2,3,17,A
2,2,2,3,3,17,A
1,2,2,2,3,17,A
2,1,1,1,1,17,A
2,4,4,4,4,17,A
1,3,3,2,3,17,A
2,5,5,5,5,17,A
1,2,2,1,1,17,A
1,2,3,3,3,17,A
1,1,2,1,1,17,A
2,2,2,3,3,17,A
1,5,5,3,4,17,A
2,2,3,5,4,17,A
1,4,4,2,3,17,A
2,5,5,3,3,17,A
2,4,4,2,3,17,A
1,2,2,1,2,17,A
1,3,3,2,3,17,A
2,2,2,1,2,17,A
1,2,3,3,2,17,A
2,4,2,3,3,17,A
2,3,3,4,3,17,A
2,4,5,3,3,17,A
2,5,5,3,4,17,A
2,2,2,1,2,17,A
1,3,3,1,2,17,A
2,2,2,3,2,17,A
2,3,2,3,2,17,A
2,3,3,3,3,17,A
1,4,5,4,4,17,A
2,3,3,3,3,17,A
2,2,3,2,2,17,A
1,1,1,1,1,17,A
1,3,4,3,3,17,A
2,2,3,2,2,17,A
1,3,3,3,2,17,A
1,2,2,3,2,17,A
1,1,1,1,1,17,A
2,2,3,5,3,17,A
1,4,4,3,3,17,A
1,1,1,1,2,17,A
1,5,5,5,1,17,A
1,1,2,3,3,17,A
1,2,2,1,1,17,A
2,NA,NA,NA,NA,17,A
1,5,5,3,4,17,A
2,2,2,2,2,17,A
2,3,3,4,5,17,A
2,1,1,2,2,17,A
2,4,4,5,4,17,A
2,2,2,1,2,17,A
2,2,2,2,1,17,A
1,3,3,1,2,17,A
2,2,2,3,3,17,A
1,4,4,3,3,17,A
2,4,4,3,3,17,A
2,1,1,1,1,17,A
2,5,5,5,4,17,A
2,3,2,2,2,17,A
1,4,4,5,4,17,A
2,2,3,2,3,17,A
1,1,1,1,1,17,A
2,3,3,3,3,17,A
1,2,2,1,1,17,A
1,2,4,3,4,17,A
1,4,4,3,4,17,A
2,4,4,4,3,17,A
1,1,2,1,1,17,A
1,2,3,2,2,17,A
1,3,3,3,3,17,A
1,2,2,1,1,17,A
1,3,3,3,2,17,A
2,5,4,4,5,17,A
1,3,3,2,2,17,A
2,3,3,3,2,17,A
1,4,3,3,3,17,A
2,3,3,2,2,17,A
2,4,3,4,3,17,A
2,1,1,3,3,17,A
2,5,5,5,3,17,A
1,5,4,4,5,17,A
1,NA,NA,NA,NA,17,A
2,3,4,3,4,17,A
1,5,5,1,2,17,A
1,2,3,1,2,17,A
1,2,3,3,2,17,A
2,4,5,3,4,17,A
1,4,4,4,4,17,A
2,5,4,5,4,17,A
1,2,2,2,1,17,A
1,3,3,2,2,17,A
2,1,2,2,2,17,A
2,4,3,4,3,17,A
2,3,3,2,3,17,A
2,2,2,2,2,17,A
2,1,1,1,1,17,A
2,1,3,2,3,17,A
2,2,2,3,3,17,A
1,5,5,4,4,17,A
1,3,3,2,2,17,A
2,3,3,4,3,17,A
2,2,2,2,3,17,A
2,3,3,3,3,17,A
2,3,4,3,3,17,A
2,1,2,2,2,17,A
1,1,2,2,2,17,A
2,4,5,3,3,17,A
1,3,3,4,4,17,A
2,5,5,3,5,17,A
1,2,3,3,2,17,A
2,3,3,4,3,17,A
1,4,4,2,3,17,A
2,5,5,4,4,17,A
2,3,4,3,3,17,A
2,3,3,3,3,17,A
1,3,3,3,3,17,A
1,5,4,3,4,17,A
1,5,5,2,2,17,A
2,5,5,5,5,17,A
1,3,4,4,3,17,A
1,3,3,2,3,18,R
2,2,2,2,2,18,R
1,4,4,3,3,18,R
2,2,2,2,2,18,R
1,2,2,2,3,18,R
1,3,4,4,4,18,R
1,3,4,3,3,18,R
1,4,4,3,2,18,R
2,5,5,4,5,18,R
2,2,3,2,3,18,R
2,2,2,1,1,18,R
1,5,5,5,4,18,R
2,2,2,2,1,18,R
2,4,4,5,4,18,R
2,2,2,2,2,18,R
1,3,3,2,3,18,R
1,4,4,2,3,18,R
2,3,4,4,3,18,R
2,3,3,3,3,18,R
1,4,4,1,2,18,R
1,2,1,1,1,18,R
1,4,4,3,2,18,R
2,4,2,3,3,18,R
1,3,3,3,4,18,R
1,4,5,4,3,18,R
1,2,2,2,2,18,R
1,2,2,2,2,18,R
2,3,3,4,3,18,R
2,3,3,2,3,18,R
1,2,3,2,2,18,R
1,2,2,2,3,18,R
1,3,3,2,3,18,R
1,1,1,1,1,18,R
1,3,4,3,2,18,R
1,4,4,2,3,18,R
2,2,3,2,2,18,R
1,2,2,1,1,18,R
1,3,4,4,4,18,R
1,2,3,2,2,18,R
2,3,3,3,3,18,R
2,4,4,3,3,18,R
2,3,3,4,4,18,R
2,3,4,4,3,18,R
2,5,5,5,4,18,R
1,4,4,3,3,18,R
2,1,1,1,2,18,R
1,1,2,1,3,18,R
2,4,4,3,4,18,R
1,1,1,1,2,18,R
1,4,4,5,3,18,R
2,3,3,2,3,18,R
1,NA,NA,NA,NA,18,R
2,5,5,4,3,18,R
2,2,3,1,1,18,R
1,3,3,1,2,18,R
1,3,3,3,3,18,R
1,3,3,2,2,18,R
1,2,3,2,2,18,R
2,5,4,5,4,18,R
1,3,3,3,3,18,R
1,3,3,3,2,18,R
1,1,1,2,2,18,R
2,3,3,3,4,18,R
2,NA,NA,NA,NA,18,R
2,5,5,5,5,18,R
1,5,5,3,3,18,R
2,3,3,1,2,18,R
2,4,3,3,3,18,R
1,4,3,3,3,18,R
1,4,4,3,3,18,R
2,3,4,2,2,18,R
2,4,4,2,3,18,R
1,2,2,1,1,18,R
2,NA,NA,NA,NA,18,R
1,4,4,2,3,18,R
2,3,3,3,3,18,R
2,4,4,4,3,18,R
2,3,2,1,3,18,R
2,3,3,4,4,18,R
1,2,2,1,2,18,R
1,1,1,1,1,18,R
1,2,2,1,1,18,R
2,5,5,4,4,18,R
2,3,3,3,4,18,R
2,2,2,2,1,18,R
2,1,1,1,1,18,R
1,5,5,4,3,18,R
2,4,5,3,4,18,R
2,4,4,4,3,18,R
1,3,4,4,4,18,R
1,3,3,2,3,18,R
1,2,2,2,2,18,R
2,5,5,4,5,18,R
2,5,3,4,4,18,R
1,4,4,2,3,18,R
1,5,5,4,4,18,R
1,4,4,3,3,18,R
1,2,3,2,2,18,R
1,4,3,4,3,18,R
2,3,4,4,3,18,R
2,4,4,4,4,18,R
1,4,3,4,4,18,R
2,4,3,2,3,18,R
2,3,2,2,2,18,R
1,3,2,2,3,18,R
1,5,5,4,3,18,R
1,3,4,3,4,18,R
1,2,1,2,2,18,R
2,2,2,2,2,18,R
2,4,5,3,4,18,R
2,NA,NA,NA,NA,18,R
1,5,5,3,4,18,R
2,3,3,2,2,18,R
2,4,4,3,4,18,R
2,5,5,4,3,18,R
1,3,4,3,2,18,R
1,5,5,5,5,18,R
1,5,4,5,4,18,R
1,4,4,3,3,18,R
2,2,2,2,2,18,R
1,3,4,1,4,18,R
2,3,4,3,2,18,R
2,2,1,2,2,18,R
1,3,3,3,3,18,R
2,NA,NA,NA,NA,18,R
2,2,3,2,4,18,R
1,NA,NA,NA,NA,18,R
2,3,3,3,2,18,R
2,4,3,4,3,18,R
2,4,4,4,4,18,R
2,5,5,4,4,18,R
1,5,5,3,4,18,R
1,5,5,3,3,18,R
2,4,4,3,3,18,R
1,2,2,2,2,18,R
2,5,5,4,3,18,R
1,4,4,4,4,18,R
1,5,5,3,3,18,R
1,3,3,2,3,18,R
2,4,4,3,3,18,R
2,4,4,4,3,18,R
1,5,5,4,5,18,R
2,3,3,4,3,18,R
1,1,1,3,3,18,R
1,4,4,3,3,18,R
2,5,4,3,4,18,R
1,4,3,2,2,18,R
1,4,4,4,3,18,R
1,5,5,3,2,18,R
2,2,3,2,3,19,R
2,3,3,3,2,19,R
2,3,3,2,2,19,R
1,3,2,3,2,19,R
2,3,4,4,4,19,R
1,3,4,4,4,19,R
1,3,3,2,2,19,R
1,5,5,4,3,19,R
1,5,5,3,4,19,R
1,4,4,2,3,19,R
2,3,3,1,2,19,R
2,4,2,2,2,19,R
1,3,3,2,1,19,R
1,4,5,3,4,19,R
1,NA,NA,NA,NA,19,R
2,3,4,3,4,19,R
1,4,4,2,4,19,R
1,NA,NA,NA,NA,19,R
2,5,5,3,4,19,R
1,4,4,1,2,19,R
2,4,4,3,3,19,R
1,2,2,2,2,19,R
1,4,2,3,4,19,R
2,2,2,1,3,19,R
2,5,4,4,2,19,R
2,3,3,3,2,19,R
2,3,3,3,3,19,R
1,3,3,2,2,19,R
2,2,2,2,3,19,R
2,5,5,2,4,19,R
2,5,5,5,5,19,R
1,5,5,3,4,19,R
2,2,2,2,1,19,R
1,4,4,2,4,19,R
1,3,3,2,2,19,R
2,4,4,4,3,19,R
2,4,3,2,3,19,R
1,3,3,4,4,19,R
2,3,3,2,3,19,R
1,3,3,1,3,19,R
2,4,5,3,4,19,R
1,3,4,2,3,19,R
2,4,3,4,4,19,R
2,5,5,5,4,19,R
2,5,5,3,3,19,R
2,2,2,1,2,19,R
1,1,1,1,3,19,R
2,4,4,3,4,19,R
2,5,5,4,3,19,R
2,4,2,4,4,19,R
2,5,5,4,3,19,R
1,3,4,3,3,19,R
2,5,5,4,3,19,R
1,2,2,1,1,19,R
2,4,4,1,2,19,R
2,3,3,3,3,19,R
1,3,4,3,3,19,R
2,2,3,2,2,19,R
2,5,5,5,4,19,R
1,3,3,3,3,19,R
2,3,3,2,2,19,R
1,2,2,3,3,19,R
1,5,5,4,4,19,R
2,3,3,3,2,19,R
1,4,4,3,4,19,R
1,5,5,4,3,19,R
1,3,2,1,1,19,R
1,3,3,3,2,19,R
2,3,4,3,3,19,R
1,5,5,3,3,19,R
1,4,4,4,2,19,R
1,2,1,2,2,19,R
2,3,3,1,2,19,R
2,3,3,1,3,19,R
2,4,5,2,4,19,R
2,3,3,3,3,19,R
1,4,4,3,2,19,R
1,3,2,2,3,19,R
1,3,3,2,3,19,R
2,2,2,1,2,19,R
1,4,4,3,2,19,R
2,3,3,2,3,19,R
2,3,3,2,2,19,R
1,3,4,3,3,19,R
2,4,3,3,3,19,R
1,4,4,2,2,19,R
2,5,5,4,3,19,R
2,4,5,3,4,19,R
1,3,2,3,3,19,R
1,3,3,2,3,19,R
2,3,3,2,2,19,R
2,4,4,4,3,19,R
1,5,4,1,3,19,R
2,2,3,2,2,19,R
1,3,3,3,2,19,R
2,4,4,4,3,19,R
1,3,3,3,3,19,R
1,3,3,2,2,19,R
2,4,3,4,3,19,R
2,3,3,2,1,19,R
2,4,4,3,4,19,R
1,5,4,3,4,19,R
1,3,3,2,2,19,R
2,3,4,2,3,19,R
1,3,3,2,3,19,R
1,1,1,1,1,19,R
1,4,3,4,5,19,R
2,3,3,3,3,19,R
2,5,5,5,3,19,R
1,5,4,4,3,19,R
2,4,4,4,3,19,R
2,4,4,3,4,19,R
2,5,5,3,3,19,R
1,4,4,3,3,19,R
1,4,5,4,3,19,R
1,3,3,3,2,19,R
2,3,3,3,3,19,R
2,5,4,5,4,19,R
2,2,3,2,2,19,R
2,3,3,2,2,19,R
2,4,5,1,4,19,R
2,3,2,3,2,19,R
1,5,4,3,3,19,R
1,3,3,3,3,19,R
2,2,2,1,1,19,R
1,1,2,1,1,19,R
2,2,3,3,2,19,R
1,3,3,3,2,19,R
1,4,4,2,2,19,R
1,4,4,3,3,19,R
1,3,3,1,2,19,R
1,5,5,5,5,19,R
2,2,3,1,1,19,R
2,5,5,4,4,19,R
1,1,2,1,1,19,R
2,4,5,3,3,19,R
1,3,4,3,4,19,R
1,4,5,4,3,19,R
1,3,4,3,3,19,R
2,4,4,4,4,19,R
1,2,2,2,2,19,R
1,3,3,2,3,19,R
2,4,4,3,2,19,R
2,5,5,3,4,19,R
1,4,4,4,4,19,R
1,4,4,3,3,19,R
2,2,3,2,2,19,R
2,4,4,3,3,19,R
2,4,4,2,2,19,R
2,1,2,1,3,20,A
1,1,1,1,2,20,A
1,1,1,1,3,20,A
1,1,1,1,1,20,A
1,2,2,1,3,20,A
2,1,1,2,1,20,A
1,2,1,1,2,20,A
2,4,3,4,4,20,A
1,1,1,1,1,20,A
2,1,2,3,3,20,A
2,1,1,1,1,20,A
1,1,1,1,1,20,A
1,2,2,3,1,20,A
2,1,1,2,1,20,A
1,1,1,1,1,20,A
1,1,3,1,3,20,A
2,3,3,2,2,20,A
2,NA,NA,NA,NA,20,A
2,1,1,3,4,20,A
1,1,1,1,2,20,A
1,1,1,1,1,20,A
1,3,3,2,2,20,A
1,3,4,4,3,20,A
1,1,1,1,1,20,A
1,1,1,1,3,20,A
1,2,2,1,2,20,A
2,2,2,4,4,20,A
1,1,1,1,2,20,A
1,3,3,2,2,20,A
2,1,1,2,2,20,A
1,2,2,2,3,20,A
1,1,1,1,2,20,A
2,1,1,1,1,20,A
1,2,2,1,3,20,A
2,NA,NA,NA,NA,20,A
2,3,2,3,2,20,A
2,1,1,1,2,20,A
2,1,1,1,1,20,A
1,2,2,2,1,20,A
2,1,1,3,3,20,A
1,2,2,1,2,20,A
2,2,2,1,2,20,A
1,4,4,3,3,20,A
2,2,3,3,2,20,A
1,1,1,2,2,20,A
1,3,3,1,2,20,A
2,1,1,2,2,20,A
2,2,2,1,2,20,A
1,1,1,1,1,20,A
2,1,2,1,1,20,A
1,1,1,2,2,20,A
1,NA,NA,NA,NA,20,A
1,1,1,2,2,20,A
2,1,1,1,1,20,A
2,1,1,1,1,20,A
2,4,4,4,3,20,A
1,3,3,4,3,20,A
2,2,1,2,2,20,A
2,1,1,2,3,20,A
2,3,3,3,3,20,A
1,4,3,2,2,20,A
1,1,1,1,1,20,A
1,3,3,4,3,20,A
2,NA,NA,NA,NA,20,A
1,1,1,1,1,20,A
1,2,1,3,2,20,A
1,1,1,1,1,20,A
2,1,1,2,1,20,A
1,1,1,2,2,20,A
2,2,1,2,2,20,A
1,1,1,1,1,20,A
2,3,1,3,2,20,A
1,1,1,1,1,20,A
1,NA,NA,NA,NA,20,A
1,2,2,1,2,20,A
2,1,1,1,1,20,A
1,2,2,4,4,20,A
2,1,1,1,1,20,A
1,2,2,3,3,20,A
1,1,1,1,1,20,A
2,1,2,1,1,20,A
1,2,2,2,2,20,A
1,2,2,1,2,20,A
2,2,2,2,3,20,A
1,2,2,2,2,20,A
1,1,1,1,1,20,A
2,1,1,1,1,20,A
2,2,2,3,2,20,A
2,1,1,2,3,20,A
2,3,2,4,4,20,A
2,1,1,1,1,20,A
1,2,2,2,2,20,A
1,1,1,1,1,20,A
1,1,1,1,1,20,A
1,2,2,2,3,20,A
2,1,2,1,1,20,A
1,1,1,1,2,20,A
1,2,3,2,2,20,A
1,3,3,3,3,20,A
1,2,2,1,1,20,A
1,1,1,2,2,20,A
1,4,5,4,5,20,A
2,2,1,1,1,20,A
2,2,2,2,2,20,A
1,1,2,1,2,20,A
1,1,2,2,2,20,A
2,NA,NA,NA,NA,20,A
1,1,2,2,3,20,A
1,2,2,2,2,20,A
1,3,4,4,3,20,A
2,NA,NA,NA,NA,20,A
1,2,3,2,3,20,A
1,2,2,1,2,20,A
1,3,2,1,1,20,A
2,1,2,2,2,20,A
1,4,4,3,3,20,A
1,1,1,1,1,20,A
2,4,5,4,4,20,A
1,2,1,3,1,20,A
2,1,1,1,1,20,A
2,4,3,2,3,20,A
1,1,1,1,1,20,A
1,1,1,1,1,20,A
1,1,2,2,2,20,A
2,NA,NA,NA,NA,20,A
2,1,2,1,2,20,A
1,2,2,2,2,20,A
1,2,2,2,2,20,A
1,2,2,3,2,20,A
1,2,2,2,2,20,A
1,2,1,1,2,20,A
2,1,1,1,1,20,A
1,1,1,1,1,20,A
1,5,4,3,3,20,A
1,1,1,1,1,20,A
2,1,1,2,2,20,A
1,3,3,4,4,20,A
1,1,1,3,4,20,A
2,2,2,1,2,20,A
1,2,2,1,1,20,A
1,4,4,2,3,20,A
2,2,2,2,3,20,A
1,3,2,3,2,20,A
2,1,1,1,3,20,A
2,1,1,1,1,20,A
1,3,3,3,3,20,A
2,1,1,1,2,20,A
1,3,3,3,4,20,A
2,2,3,2,4,20,A
2,1,1,2,1,21,A
2,2,2,2,2,21,A
2,2,2,3,2,21,A
2,2,2,1,2,21,A
2,4,5,3,3,21,A
2,3,4,3,4,21,A
2,2,2,2,2,21,A
2,4,4,3,4,21,A
2,1,2,2,2,21,A
1,4,4,2,3,21,A
2,1,1,1,1,21,A
2,2,3,1,2,21,A
2,1,1,1,1,21,A
2,4,5,3,4,21,A
1,2,2,2,2,21,A
1,2,3,1,2,21,A
1,2,2,2,3,21,A
2,3,4,4,4,21,A
2,1,1,3,3,21,A
2,2,1,2,4,21,A
1,3,2,3,2,21,A
2,2,2,2,2,21,A
1,3,4,4,3,21,A
1,1,1,1,2,21,A
1,4,4,3,2,21,A
2,4,4,3,3,21,A
2,2,2,3,3,21,A
1,3,3,1,2,21,A
2,1,1,1,2,21,A
1,4,4,2,3,21,A
1,2,2,2,2,21,A
2,3,3,2,3,21,A
2,1,1,1,1,21,A
2,4,4,4,4,21,A
2,NA,NA,NA,NA,21,A
2,3,4,4,4,21,A
2,2,2,1,2,21,A
1,3,4,4,4,21,A
1,1,1,1,1,21,A
1,2,2,1,3,21,A
1,2,3,2,3,21,A
1,4,3,4,5,21,A
1,4,4,4,3,21,A
1,3,3,2,2,21,A
1,3,2,3,3,21,A
2,1,1,1,1,21,A
2,2,2,2,3,21,A
2,3,3,2,4,21,A
1,2,2,2,2,21,A
2,2,3,3,2,21,A
2,3,4,3,3,21,A
1,NA,NA,NA,NA,21,A
2,4,5,4,4,21,A
2,2,2,1,1,21,A
1,3,3,1,2,21,A
2,3,3,3,3,21,A
2,4,3,2,4,21,A
2,3,3,3,3,21,A
2,3,3,3,4,21,A
1,2,2,2,2,21,A
1,3,2,2,2,21,A
1,1,1,1,1,21,A
1,4,4,3,3,21,A
2,NA,NA,NA,NA,21,A
2,3,3,3,2,21,A
1,1,2,2,2,21,A
2,2,2,1,2,21,A
1,3,3,2,3,21,A
1,2,2,3,2,21,A
2,3,3,2,3,21,A
1,3,4,1,1,21,A
1,5,4,3,4,21,A
1,1,1,3,1,21,A
1,2,3,1,2,21,A
2,3,4,3,2,21,A
2,2,2,2,2,21,A
1,3,4,4,4,21,A
1,1,1,1,1,21,A
2,3,4,3,4,21,A
1,1,1,1,1,21,A
2,1,1,1,2,21,A
2,3,3,3,3,21,A
2,3,4,2,3,21,A
1,2,3,2,3,21,A
2,4,3,3,3,21,A
2,1,1,1,1,21,A
2,4,4,4,2,21,A
1,2,2,1,2,21,A
1,1,2,2,2,21,A
2,4,4,3,3,21,A
2,2,2,1,1,21,A
1,3,2,2,3,21,A
2,3,3,2,2,21,A
2,5,5,3,3,21,A
2,4,4,3,3,21,A
1,3,3,2,2,21,A
2,2,3,2,2,21,A
1,2,3,2,2,21,A
1,3,3,4,3,21,A
2,2,3,3,2,21,A
1,5,4,4,4,21,A
1,4,3,4,4,21,A
2,4,5,2,4,21,A
2,4,4,2,3,21,A
1,3,2,3,2,21,A
1,4,5,3,3,21,A
2,4,3,4,5,21,A
2,3,2,2,3,21,A
1,4,5,3,3,21,A
1,5,4,4,5,21,A
2,3,2,2,2,21,A
1,5,4,3,4,21,A
2,2,3,2,3,21,A
1,3,3,1,2,21,A
2,3,4,2,4,21,A
2,3,4,3,3,21,A
1,4,4,4,4,21,A
2,5,5,5,4,21,A
2,4,3,2,2,21,A
1,3,3,2,2,21,A
2,1,2,1,3,21,A
1,4,3,3,3,21,A
1,4,4,3,3,21,A
2,3,3,3,2,21,A
2,3,3,1,1,21,A
1,1,1,1,1,21,A
1,2,2,2,2,21,A
2,5,5,4,4,21,A
1,3,3,2,2,21,A
2,4,4,3,3,21,A
1,2,1,1,2,21,A
2,3,3,3,3,21,A
2,1,1,1,1,21,A
1,4,4,1,1,21,A
2,2,2,2,3,21,A
1,2,3,2,2,21,A
2,3,3,4,3,21,A
1,2,3,2,2,21,A
1,2,3,2,3,21,A
1,4,4,3,4,21,A
2,3,3,2,2,21,A
2,3,2,2,2,21,A
1,4,4,2,2,21,A
2,1,1,2,2,21,A
1,2,2,2,2,21,A
1,5,5,3,4,21,A
1,3,2,2,2,21,A
2,5,5,4,4,21,A
2,4,5,4,3,21,A
1,1,1,1,1,22,R
1,2,2,2,2,22,R
2,2,2,3,4,22,R
2,3,4,4,3,22,R
2,1,2,3,4,22,R
1,1,1,1,1,22,R
2,2,2,2,3,22,R
2,3,2,2,2,22,R
2,3,2,4,4,22,R
2,1,1,5,5,22,R
2,1,1,1,1,22,R
1,1,1,1,1,22,R
1,2,2,2,2,22,R
1,2,2,4,4,22,R
1,1,1,1,1,22,R
1,1,1,1,1,22,R
2,4,4,3,3,22,R
1,NA,NA,NA,NA,22,R
2,1,1,3,4,22,R
1,1,1,4,4,22,R
2,2,1,3,3,22,R
2,3,3,3,4,22,R
1,3,4,2,2,22,R
1,1,1,1,1,22,R
1,3,3,4,3,22,R
1,1,1,1,2,22,R
2,2,2,4,4,22,R
1,1,2,3,3,22,R
2,2,2,3,3,22,R
1,3,3,2,2,22,R
2,3,3,4,3,22,R
1,2,2,2,2,22,R
2,2,2,2,2,22,R
1,1,1,3,3,22,R
1,2,2,2,2,22,R
1,2,3,2,2,22,R
1,1,1,1,1,22,R
1,2,2,3,3,22,R
1,1,1,1,1,22,R
2,1,1,2,3,22,R
2,1,2,1,1,22,R
1,2,1,3,2,22,R
2,3,2,3,2,22,R
1,3,2,3,2,22,R
2,3,4,4,4,22,R
1,3,3,1,2,22,R
1,1,1,1,3,22,R
2,3,2,2,3,22,R
2,1,1,1,2,22,R
1,2,1,2,1,22,R
2,2,2,3,2,22,R
2,NA,NA,NA,NA,22,R
1,1,2,3,2,22,R
1,2,2,2,3,22,R
2,1,1,3,2,22,R
2,2,2,3,2,22,R
2,2,3,3,2,22,R
1,2,2,3,3,22,R
1,1,1,1,1,22,R
1,4,4,4,4,22,R
2,3,3,3,3,22,R
2,1,1,2,2,22,R
2,3,4,4,4,22,R
1,2,2,1,1,22,R
2,1,1,1,1,22,R
1,3,2,3,3,22,R
2,1,1,1,1,22,R
1,2,1,3,2,22,R
2,2,2,3,2,22,R
1,2,2,1,2,22,R
1,2,1,3,1,22,R
1,4,4,3,2,22,R
2,1,1,2,3,22,R
1,NA,NA,NA,NA,22,R
1,4,3,2,3,22,R
2,1,1,1,1,22,R
1,4,4,4,4,22,R
1,1,1,1,1,22,R
1,4,4,5,4,22,R
1,3,3,1,2,22,R
2,3,3,2,3,22,R
1,1,1,1,1,22,R
1,3,3,4,3,22,R
1,1,1,1,1,22,R
2,2,2,2,1,22,R
2,1,1,1,1,22,R
1,3,3,4,2,22,R
2,3,2,2,3,22,R
1,2,2,1,2,22,R
1,3,3,2,3,22,R
2,2,2,2,2,22,R
2,2,3,3,3,22,R
1,1,1,1,1,22,R
1,1,2,2,3,22,R
1,4,3,4,4,22,R
1,2,2,4,3,22,R
2,2,2,3,3,22,R
2,3,3,2,2,22,R
2,3,3,3,4,22,R
1,1,2,2,1,22,R
2,4,3,3,4,22,R
2,4,5,3,4,22,R
2,1,1,1,1,22,R
1,1,1,1,1,22,R
2,1,1,2,2,22,R
2,2,2,3,2,22,R
1,4,3,4,5,22,R
2,2,2,4,4,22,R
1,1,1,1,1,22,R
1,4,4,3,3,22,R
2,NA,NA,NA,NA,22,R
1,3,3,3,5,22,R
1,5,5,4,4,22,R
2,2,3,1,2,22,R
2,1,2,2,1,22,R
2,4,5,4,3,22,R
2,3,3,3,3,22,R
2,4,4,5,5,22,R
2,1,1,2,1,22,R
1,1,1,1,1,22,R
2,5,4,2,4,22,R
2,3,3,3,2,22,R
1,1,1,3,2,22,R
1,2,2,2,2,22,R
2,1,1,1,1,22,R
2,1,1,3,4,22,R
2,2,2,3,4,22,R
2,2,2,2,2,22,R
2,2,2,2,2,22,R
2,2,2,4,3,22,R
2,4,3,4,4,22,R
2,1,1,2,2,22,R
2,1,1,1,1,22,R
2,4,4,5,4,22,R
2,1,1,1,1,22,R
2,1,1,2,2,22,R
1,4,4,3,4,22,R
1,3,3,4,3,22,R
2,4,4,3,3,22,R
2,3,3,2,2,22,R
2,1,2,2,2,22,R
1,4,4,4,4,22,R
1,2,2,2,2,22,R
2,1,1,2,3,22,R
1,1,1,1,1,22,R
2,2,2,3,3,22,R
2,1,2,3,4,22,R
1,3,3,3,3,22,R
2,3,2,3,4,22,R
2,3,3,1,1,23,A
2,3,3,3,2,23,A
2,3,4,5,3,23,A
1,2,1,1,1,23,A
1,3,3,2,2,23,A
2,2,2,1,2,23,A
1,2,2,1,1,23,A
1,2,2,2,2,23,A
1,4,4,2,3,23,A
2,1,1,2,5,23,A
1,3,2,1,1,23,A
2,1,2,1,2,23,A
1,3,4,4,1,23,A
2,3,4,2,3,23,A
2,4,4,3,3,23,A
1,2,2,1,2,23,A
2,3,3,2,3,23,A
1,2,1,2,2,23,A
1,1,1,1,2,23,A
2,1,1,2,3,23,A
2,2,2,1,2,23,A
1,1,1,1,1,23,A
2,3,4,4,3,23,A
2,3,3,2,4,23,A
2,2,2,3,2,23,A
1,1,1,1,2,23,A
2,1,2,3,3,23,A
2,2,4,3,3,23,A
2,1,1,2,2,23,A
2,1,1,1,1,23,A
2,3,3,3,3,23,A
1,2,2,2,3,23,A
2,1,1,1,1,23,A
2,2,2,4,4,23,A
2,3,3,2,2,23,A
1,1,1,1,1,23,A
1,1,1,1,1,23,A
2,5,4,4,5,23,A
2,2,2,2,2,23,A
1,1,1,1,3,23,A
1,NA,NA,NA,NA,23,A
1,1,1,2,3,23,A
1,2,2,2,2,23,A
1,1,2,1,2,23,A
2,2,2,1,3,23,A
2,1,2,1,2,23,A
1,1,1,1,3,23,A
1,3,3,2,3,23,A
1,1,1,1,2,23,A
2,2,3,4,3,23,A
1,1,1,1,1,23,A
1,NA,NA,NA,NA,23,A
2,1,1,1,1,23,A
1,1,1,1,1,23,A
1,4,3,1,2,23,A
1,3,3,4,3,23,A
1,2,2,1,2,23,A
1,1,1,1,2,23,A
1,2,1,3,4,23,A
2,3,3,3,3,23,A
1,2,2,2,2,23,A
1,1,1,1,1,23,A
2,2,3,3,3,23,A
2,NA,NA,NA,NA,23,A
2,5,4,4,4,23,A
1,4,3,4,2,23,A
2,2,3,1,1,23,A
2,1,3,2,2,23,A
1,3,3,3,3,23,A
1,1,1,1,2,23,A
2,1,1,1,1,23,A
2,3,2,2,3,23,A
1,2,1,1,1,23,A
1,4,4,1,4,23,A
2,4,3,2,2,23,A
1,2,2,2,2,23,A
2,4,5,4,4,23,A
1,1,1,1,3,23,A
2,2,2,3,3,23,A
2,2,2,1,2,23,A
1,1,1,1,2,23,A
1,2,2,1,2,23,A
1,3,3,4,3,23,A
2,1,1,1,3,23,A
2,1,1,1,1,23,A
2,1,1,1,1,23,A
2,3,3,3,1,23,A
2,1,1,2,2,23,A
2,1,1,1,2,23,A
2,4,4,5,4,23,A
2,1,1,1,2,23,A
2,5,5,5,4,23,A
1,2,1,1,2,23,A
1,5,5,2,2,23,A
1,3,2,3,3,23,A
1,3,4,3,3,23,A
1,2,2,2,2,23,A
1,2,3,2,2,23,A
1,3,3,2,3,23,A
1,1,1,1,1,23,A
1,1,1,1,1,23,A
1,5,4,5,4,23,A
2,2,3,1,3,23,A
2,4,3,3,4,23,A
1,1,1,2,2,23,A
1,2,2,1,2,23,A
1,3,2,3,4,23,A
1,2,3,2,3,23,A
2,2,2,2,2,23,A
2,4,3,4,3,23,A
1,2,2,1,1,23,A
1,3,3,2,3,23,A
2,5,5,3,3,23,A
1,2,1,1,2,23,A
1,2,3,3,2,23,A
1,4,4,3,3,23,A
1,5,5,5,5,23,A
2,2,3,2,2,23,A
1,3,4,3,2,23,A
1,2,1,2,2,23,A
1,3,2,2,1,23,A
1,4,3,2,3,23,A
1,2,1,1,1,23,A
1,2,2,2,2,23,A
2,1,1,1,1,23,A
1,1,1,1,1,23,A
1,1,1,1,1,23,A
1,3,3,4,3,23,A
2,3,3,2,2,23,A
1,2,2,2,2,23,A
2,2,2,3,3,23,A
1,5,5,5,4,23,A
1,1,1,1,1,23,A
2,1,2,3,4,23,A
1,1,1,1,1,23,A
2,1,1,2,2,23,A
1,3,3,3,3,23,A
2,4,4,5,5,23,A
1,4,4,3,3,23,A
2,3,3,3,3,23,A
2,2,3,3,4,23,A
2,4,4,4,4,23,A
1,3,3,3,2,23,A
2,2,2,2,3,23,A
1,1,1,1,1,23,A
2,2,3,3,4,23,A
2,5,4,2,2,23,A
2,3,2,3,3,23,A
2,3,1,2,3,23,A
2,3,3,2,3,24,A
1,2,2,2,2,24,A
1,3,4,3,3,24,A
2,3,3,2,2,24,A
2,3,3,2,2,24,A
2,2,2,3,2,24,A
2,2,2,2,2,24,A
1,4,3,3,3,24,A
2,4,4,3,4,24,A
1,2,3,1,1,24,A
1,3,3,1,1,24,A
1,4,4,3,2,24,A
1,1,1,1,1,24,A
1,4,3,2,3,24,A
1,3,3,3,3,24,A
1,1,2,1,2,24,A
2,4,4,3,4,24,A
1,2,1,2,2,24,A
1,1,1,1,2,24,A
2,4,4,2,4,24,A
1,2,2,1,2,24,A
2,2,2,1,2,24,A
1,4,4,3,4,24,A
1,1,1,1,1,24,A
2,4,5,2,2,24,A
1,4,4,3,3,24,A
1,1,1,1,2,24,A
2,2,3,2,2,24,A
1,1,2,1,1,24,A
1,4,4,1,3,24,A
1,2,2,2,3,24,A
1,2,3,2,3,24,A
1,1,1,1,1,24,A
1,3,3,1,3,24,A
1,3,3,2,2,24,A
2,3,3,3,2,24,A
1,2,2,1,1,24,A
2,4,5,3,4,24,A
1,2,2,1,1,24,A
2,2,3,2,3,24,A
2,3,3,1,2,24,A
1,3,3,3,3,24,A
1,4,4,2,3,24,A
1,5,5,4,3,24,A
1,2,1,2,2,24,A
2,2,3,1,2,24,A
2,2,2,1,3,24,A
2,3,3,2,2,24,A
1,4,5,4,3,24,A
1,4,2,4,4,24,A
2,2,2,3,3,24,A
1,2,2,2,2,24,A
2,4,5,3,2,24,A
1,1,2,1,1,24,A
2,3,3,1,2,24,A
1,2,3,2,3,24,A
1,3,2,3,3,24,A
2,3,4,2,3,24,A
2,4,4,3,3,24,A
1,3,3,3,3,24,A
2,3,3,2,3,24,A
2,3,3,3,3,24,A
2,3,3,3,3,24,A
2,2,1,2,2,24,A
2,3,4,3,2,24,A
1,4,4,3,2,24,A
2,1,1,1,1,24,A
2,3,3,2,3,24,A
1,3,3,2,2,24,A
1,4,4,3,3,24,A
1,3,4,1,1,24,A
1,4,4,2,2,24,A
2,2,3,1,2,24,A
1,NA,NA,NA,NA,24,A
1,5,5,3,3,24,A
1,3,3,3,3,24,A
1,4,4,4,4,24,A
1,1,1,1,2,24,A
2,3,3,2,3,24,A
2,2,2,1,1,24,A
1,1,1,1,1,24,A
1,2,2,2,2,24,A
2,4,4,3,3,24,A
1,5,5,3,3,24,A
2,3,2,2,2,24,A
2,1,1,1,1,24,A
1,5,5,3,2,24,A
1,3,2,2,2,24,A
2,2,3,2,2,24,A
1,3,3,2,3,24,A
2,1,1,1,1,24,A
2,4,4,4,3,24,A
1,4,4,1,3,24,A
2,3,4,2,3,24,A
1,4,5,3,4,24,A
1,3,4,2,2,24,A
1,3,3,2,2,24,A
2,2,3,2,2,24,A
1,3,3,2,3,24,A
1,1,2,1,1,24,A
2,1,1,2,2,24,A
1,4,3,4,5,24,A
2,3,3,2,2,24,A
2,4,4,3,3,24,A
2,1,1,1,2,24,A
1,3,2,2,2,24,A
2,3,4,5,4,24,A
2,1,3,2,3,24,A
1,1,2,1,1,24,A
2,3,3,4,4,24,A
1,1,1,1,1,24,A
1,5,4,4,3,24,A
1,4,4,3,3,24,A
2,3,2,1,2,24,A
2,2,4,2,3,24,A
1,2,2,3,2,24,A
1,4,4,4,3,24,A
2,5,5,4,5,24,A
2,3,3,3,2,24,A
1,4,4,2,2,24,A
2,2,4,1,3,24,A
1,3,4,4,3,24,A
2,3,3,2,2,24,A
2,3,3,2,2,24,A
1,1,2,1,1,24,A
2,1,3,1,2,24,A
1,2,3,2,2,24,A
2,4,4,3,3,24,A
1,4,4,3,3,24,A
1,4,4,2,2,24,A
2,3,4,3,3,24,A
1,5,4,3,2,24,A
2,1,3,1,1,24,A
2,2,2,1,3,24,A
1,3,2,2,2,24,A
1,3,2,3,2,24,A
2,3,3,3,3,24,A
2,3,4,3,4,24,A
1,3,3,2,3,24,A
1,3,3,2,2,24,A
1,4,4,2,2,24,A
2,5,5,3,3,24,A
1,4,4,3,3,24,A
2,2,2,2,3,24,A
2,2,2,1,2,24,A
2,2,2,3,3,24,A
1,5,5,3,3,24,A
1,4,4,4,3,24,A
1,1,2,2,1,24,A
1,1,1,2,3,25,R
2,3,3,3,4,25,R
2,4,4,4,3,25,R
1,2,2,2,2,25,R
1,4,3,3,3,25,R
2,2,1,1,1,25,R
1,3,3,2,2,25,R
2,4,3,2,2,25,R
1,1,2,1,2,25,R
2,3,3,1,2,25,R
2,3,3,2,2,25,R
2,5,3,3,2,25,R
1,1,1,1,1,25,R
2,4,3,4,4,25,R
2,3,4,3,3,25,R
1,1,1,1,1,25,R
2,3,3,2,2,25,R
2,5,5,5,5,25,R
2,2,2,5,3,25,R
1,3,3,2,2,25,R
2,2,2,1,2,25,R
1,3,3,2,2,25,R
1,3,4,3,3,25,R
1,3,2,1,2,25,R
1,5,5,5,2,25,R
2,5,5,4,3,25,R
2,2,2,2,2,25,R
2,3,4,3,3,25,R
2,1,1,2,2,25,R
2,3,3,1,2,25,R
2,4,4,4,4,25,R
2,3,3,3,4,25,R
1,1,1,1,1,25,R
2,3,3,2,2,25,R
1,2,2,2,2,25,R
1,3,3,3,2,25,R
1,2,1,1,1,25,R
2,2,2,3,3,25,R
1,1,1,1,1,25,R
1,2,2,1,3,25,R
2,4,4,3,3,25,R
1,1,1,2,1,25,R
2,4,4,5,4,25,R
1,2,3,4,3,25,R
1,2,3,1,1,25,R
1,1,2,1,2,25,R
2,4,3,1,2,25,R
1,3,2,2,3,25,R
1,1,1,1,1,25,R
1,4,2,4,4,25,R
2,5,4,5,4,25,R
2,NA,NA,NA,NA,25,R
2,3,3,2,2,25,R
2,2,2,1,2,25,R
2,3,3,1,2,25,R
2,1,1,2,2,25,R
1,3,4,3,4,25,R
2,3,3,3,3,25,R
1,3,3,1,2,25,R
1,3,3,3,3,25,R
1,3,3,2,2,25,R
1,1,2,1,1,25,R
1,3,4,4,4,25,R
1,NA,NA,NA,NA,25,R
2,4,4,3,3,25,R
2,2,3,3,2,25,R
2,1,1,1,1,25,R
1,2,3,3,4,25,R
1,4,3,3,3,25,R
1,1,1,1,1,25,R
2,4,4,5,4,25,R
1,3,2,3,3,25,R
1,1,1,3,1,25,R
2,NA,NA,NA,NA,25,R
2,3,2,1,3,25,R
2,4,4,4,3,25,R
1,5,5,4,2,25,R
2,1,1,3,2,25,R
2,3,3,5,4,25,R
2,3,3,2,2,25,R
2,3,3,2,2,25,R
2,3,3,2,3,25,R
1,4,4,4,4,25,R
1,4,4,4,3,25,R
2,4,4,4,4,25,R
1,1,1,1,1,25,R
1,3,3,4,1,25,R
1,3,2,2,2,25,R
2,5,3,3,3,25,R
2,4,4,4,4,25,R
2,2,2,1,2,25,R
1,3,3,3,3,25,R
1,4,2,1,2,25,R
2,3,3,1,2,25,R
2,3,3,2,3,25,R
1,3,3,2,2,25,R
1,1,1,2,1,25,R
1,3,3,2,2,25,R
2,3,3,3,2,25,R
1,4,3,4,3,25,R
2,4,3,3,3,25,R
1,4,3,4,3,25,R
2,3,3,2,3,25,R
2,3,3,2,2,25,R
2,4,3,3,3,25,R
1,3,2,2,2,25,R
2,NA,NA,NA,NA,25,R
1,1,1,2,2,25,R
1,1,1,1,1,25,R
1,4,4,3,3,25,R
2,3,4,2,1,25,R
1,5,5,5,5,25,R
1,1,1,1,1,25,R
2,1,2,2,3,25,R
1,5,5,3,3,25,R
1,4,4,3,2,25,R
2,4,4,4,4,25,R
2,5,4,4,5,25,R
2,2,3,3,2,25,R
1,1,1,1,1,25,R
2,3,3,1,4,25,R
2,3,3,4,3,25,R
2,5,5,3,3,25,R
1,2,2,2,2,25,R
2,1,1,1,1,25,R
2,1,1,2,4,25,R
1,NA,NA,NA,NA,25,R
2,3,3,3,2,25,R
1,3,3,2,2,25,R
1,4,4,4,2,25,R
2,3,3,4,3,25,R
2,5,5,5,5,25,R
2,3,3,4,3,25,R
1,1,1,1,2,25,R
2,1,1,1,2,25,R
2,4,3,3,2,25,R
2,4,4,3,4,25,R
1,5,4,1,2,25,R
1,2,2,2,3,25,R
1,4,4,3,3,25,R
1,3,3,2,2,25,R
1,2,2,1,2,25,R
1,5,5,4,3,25,R
2,1,1,2,2,25,R
2,3,2,3,3,25,R
1,2,2,3,2,25,R
2,2,2,3,2,25,R
2,4,4,4,3,25,R
1,4,3,2,3,25,R
1,3,3,2,1,26,R
2,4,4,4,4,26,R
1,4,4,4,3,26,R
2,4,4,4,4,26,R
2,3,4,3,3,26,R
2,5,4,4,5,26,R
2,4,4,4,3,26,R
1,5,4,2,4,26,R
2,4,4,3,3,26,R
1,3,2,1,2,26,R
2,3,3,1,1,26,R
1,4,5,2,3,26,R
2,1,1,1,1,26,R
1,5,5,4,5,26,R
1,NA,NA,NA,NA,26,R
1,3,3,2,2,26,R
1,3,3,2,2,26,R
2,NA,NA,NA,NA,26,R
2,4,4,2,3,26,R
2,4,4,2,4,26,R
2,2,3,2,2,26,R
2,2,2,2,1,26,R
1,4,3,3,4,26,R
2,4,4,1,3,26,R
2,5,5,5,2,26,R
2,4,4,3,3,26,R
1,1,2,2,2,26,R
1,4,3,2,3,26,R
1,1,1,1,1,26,R
1,5,5,2,3,26,R
1,4,4,2,3,26,R
1,5,5,3,4,26,R
2,1,1,1,1,26,R
1,4,4,2,3,26,R
2,4,4,3,4,26,R
2,4,5,4,3,26,R
2,4,3,2,3,26,R
1,4,5,4,4,26,R
2,3,2,2,2,26,R
2,4,4,3,3,26,R
2,5,5,4,4,26,R
1,4,5,4,5,26,R
1,4,5,4,2,26,R
1,4,4,3,2,26,R
2,4,4,2,3,26,R
1,2,2,1,2,26,R
1,2,2,1,3,26,R
1,3,3,2,3,26,R
1,4,5,3,3,26,R
2,2,4,5,4,26,R
2,4,5,3,3,26,R
1,NA,NA,NA,NA,26,R
2,5,5,4,4,26,R
2,1,3,1,1,26,R
1,4,4,1,2,26,R
1,3,3,3,3,26,R
2,5,4,4,4,26,R
1,3,4,3,3,26,R
1,5,5,4,2,26,R
1,4,4,4,4,26,R
2,2,2,2,2,26,R
1,5,5,4,3,26,R
2,3,4,3,3,26,R
2,3,4,3,3,26,R
2,5,5,4,4,26,R
1,3,4,2,2,26,R
1,2,2,1,1,26,R
1,3,4,2,3,26,R
2,4,4,4,3,26,R
1,3,3,2,2,26,R
1,5,5,1,2,26,R
1,3,2,2,3,26,R
1,4,4,1,1,26,R
2,4,4,2,4,26,R
1,4,4,2,2,26,R
2,4,4,4,4,26,R
1,5,5,4,3,26,R
1,4,3,1,3,26,R
1,4,5,4,4,26,R
1,3,3,2,2,26,R
1,3,3,2,1,26,R
2,3,3,3,3,26,R
1,5,5,3,3,26,R
2,3,4,4,4,26,R
1,4,4,4,4,26,R
2,3,2,1,2,26,R
2,5,5,4,3,26,R
2,4,5,3,4,26,R
2,4,4,3,2,26,R
1,2,3,3,3,26,R
1,3,3,2,2,26,R
2,4,4,4,3,26,R
2,4,3,3,3,26,R
1,4,5,3,4,26,R
2,4,4,3,3,26,R
1,5,4,3,3,26,R
1,3,4,2,3,26,R
2,3,3,2,2,26,R
2,4,4,4,4,26,R
2,2,3,2,1,26,R
1,4,4,3,3,26,R
2,5,4,4,5,26,R
2,4,5,3,4,26,R
2,5,4,4,4,26,R
2,3,3,2,2,26,R
1,5,4,3,3,26,R
2,NA,NA,NA,NA,26,R
2,2,4,2,3,26,R
1,5,5,5,5,26,R
1,4,4,3,3,26,R
1,NA,NA,NA,NA,26,R
2,5,5,4,4,26,R
2,4,4,2,2,26,R
2,5,4,2,3,26,R
1,3,4,4,2,26,R
1,2,2,2,2,26,R
2,4,5,4,4,26,R
1,5,5,4,5,26,R
1,5,5,2,3,26,R
1,3,3,2,2,26,R
2,1,2,1,1,26,R
2,5,4,4,4,26,R
2,3,3,2,2,26,R
2,3,3,3,3,26,R
2,3,3,2,1,26,R
2,4,4,2,3,26,R
1,NA,NA,NA,NA,26,R
1,NA,NA,NA,NA,26,R
1,4,5,3,4,26,R
2,4,4,3,3,26,R
1,5,5,1,3,26,R
2,5,5,5,4,26,R
2,4,3,2,2,26,R
1,4,5,2,2,26,R
1,4,3,2,3,26,R
2,5,3,4,2,26,R
2,4,4,3,3,26,R
1,5,5,4,4,26,R
2,3,4,3,4,26,R
1,4,4,3,3,26,R
1,4,4,4,4,26,R
2,3,4,3,3,26,R
2,4,4,2,2,26,R
1,4,4,3,3,26,R
2,4,4,3,3,26,R
1,3,3,3,2,26,R
2,4,5,2,4,26,R
1,4,4,4,4,26,R
2,3,4,3,2,26,R
1,3,3,3,2,27,R
2,3,3,3,3,27,R
1,5,5,4,4,27,R
2,4,4,5,4,27,R
2,3,3,1,2,27,R
1,3,4,4,3,27,R
1,4,4,4,3,27,R
2,5,5,3,3,27,R
2,2,2,2,3,27,R
1,3,2,3,3,27,R
2,3,3,1,1,27,R
2,5,5,5,4,27,R
1,4,2,2,1,27,R
2,4,4,5,5,27,R
1,4,4,4,3,27,R
1,4,4,2,3,27,R
1,3,3,2,2,27,R
2,5,5,5,5,27,R
2,1,1,4,4,27,R
1,5,5,2,3,27,R
1,3,4,2,2,27,R
2,3,3,4,3,27,R
2,3,4,3,2,27,R
2,3,3,2,3,27,R
2,5,5,5,3,27,R
2,4,4,3,3,27,R
1,1,1,2,2,27,R
2,4,3,4,4,27,R
2,2,2,2,3,27,R
2,2,3,2,2,27,R
1,2,3,2,3,27,R
1,4,4,3,4,27,R
2,1,1,1,1,27,R
1,1,3,4,4,27,R
2,3,3,2,3,27,R
1,2,3,3,2,27,R
2,2,2,1,2,27,R
1,5,5,5,5,27,R
2,3,4,3,3,27,R
2,3,3,3,3,27,R
1,5,5,3,4,27,R
1,5,5,5,5,27,R
1,3,3,2,2,27,R
2,2,3,2,2,27,R
2,NA,NA,NA,NA,27,R
1,2,2,1,2,27,R
2,1,1,2,2,27,R
1,3,3,2,3,27,R
1,3,4,3,3,27,R
1,2,4,5,3,27,R
2,5,4,4,4,27,R
2,NA,NA,NA,NA,27,R
2,5,5,5,4,27,R
1,1,2,1,1,27,R
1,2,1,3,2,27,R
2,1,2,3,3,27,R
2,5,5,5,5,27,R
2,3,3,4,4,27,R
1,5,5,4,5,27,R
2,3,3,3,3,27,R
2,2,2,2,2,27,R
2,3,3,3,3,27,R
1,5,5,5,4,27,R
2,4,3,3,3,27,R
1,5,5,4,4,27,R
2,4,5,4,4,27,R
2,4,3,1,3,27,R
1,4,4,4,4,27,R
2,5,5,4,4,27,R
1,4,4,3,3,27,R
1,5,5,2,1,27,R
2,3,2,3,2,27,R
2,4,4,3,3,27,R
2,NA,NA,NA,NA,27,R
1,5,5,2,4,27,R
1,3,3,3,3,27,R
1,5,5,4,3,27,R
1,4,2,1,4,27,R
2,2,2,3,3,27,R
1,3,4,2,2,27,R
2,3,3,2,2,27,R
2,4,4,2,4,27,R
2,4,4,4,4,27,R
1,3,3,2,3,27,R
1,4,4,3,3,27,R
1,3,4,2,2,27,R
1,5,5,4,3,27,R
1,4,5,3,3,27,R
2,4,3,4,3,27,R
2,4,5,4,5,27,R
2,3,4,2,3,27,R
2,4,4,4,3,27,R
2,4,4,4,5,27,R
1,5,3,4,2,27,R
1,4,4,4,4,27,R
1,4,4,4,3,27,R
2,4,4,3,4,27,R
2,3,3,2,2,27,R
2,4,4,5,4,27,R
1,1,1,1,1,27,R
1,4,3,3,3,27,R
2,5,4,3,5,27,R
2,4,4,3,4,27,R
2,5,5,3,3,27,R
2,3,2,3,3,27,R
2,5,5,4,4,27,R
1,2,3,4,3,27,R
1,2,3,2,3,27,R
2,5,4,4,3,27,R
1,4,3,4,3,27,R
1,NA,NA,NA,NA,27,R
1,5,5,4,5,27,R
2,3,3,1,2,27,R
2,5,4,3,4,27,R
1,5,4,3,2,27,R
1,3,3,3,2,27,R
2,5,5,5,5,27,R
2,4,5,4,5,27,R
1,5,5,3,3,27,R
2,2,3,3,3,27,R
2,3,3,2,3,27,R
1,3,4,3,3,27,R
2,3,3,3,2,27,R
1,3,3,3,2,27,R
1,1,1,2,1,27,R
2,1,3,2,3,27,R
1,3,4,3,3,27,R
1,5,5,4,4,27,R
1,4,4,3,3,27,R
1,4,4,3,2,27,R
1,4,3,2,2,27,R
2,5,5,5,4,27,R
2,4,4,2,3,27,R
2,4,4,4,3,27,R
2,3,3,3,4,27,R
2,5,4,4,3,27,R
2,4,4,5,5,27,R
2,5,5,5,5,27,R
1,4,4,3,3,27,R
2,4,4,3,4,27,R
2,5,5,4,4,27,R
2,5,5,5,5,27,R
2,4,3,3,2,27,R
2,4,4,3,3,27,R
2,4,4,4,4,27,R
2,5,5,3,4,27,R
2,4,4,2,3,27,R
2,5,5,5,4,27,R
2,5,5,3,3,27,R
2,2,2,3,3,28,A
1,1,1,1,2,28,A
2,4,4,3,4,28,A
2,4,3,4,4,28,A
1,3,3,2,3,28,A
2,2,3,2,2,28,A
1,2,2,1,2,28,A
2,4,5,3,3,28,A
2,3,2,3,3,28,A
2,2,3,4,4,28,A
1,1,1,1,1,28,A
1,2,3,2,2,28,A
1,2,2,2,1,28,A
1,3,2,2,3,28,A
2,2,2,2,1,28,A
2,2,2,3,4,28,A
1,3,3,2,3,28,A
2,NA,NA,NA,NA,28,A
1,1,1,2,2,28,A
1,3,3,4,3,28,A
2,3,2,3,2,28,A
1,2,2,2,3,28,A
2,4,3,4,4,28,A
1,1,1,1,1,28,A
2,5,5,3,4,28,A
2,3,3,2,3,28,A
1,4,4,3,2,28,A
2,2,3,4,4,28,A
1,1,2,2,2,28,A
1,3,3,2,2,28,A
2,4,4,4,4,28,A
2,3,3,2,3,28,A
2,1,1,1,1,28,A
1,2,2,1,2,28,A
2,2,2,2,2,28,A
1,3,4,3,2,28,A
1,3,2,1,1,28,A
1,4,5,5,5,28,A
1,1,1,1,1,28,A
2,2,2,3,3,28,A
2,3,4,3,3,28,A
2,4,5,5,5,28,A
2,5,4,5,5,28,A
1,1,1,1,2,28,A
2,4,4,3,3,28,A
1,1,1,1,2,28,A
2,1,1,2,3,28,A
2,4,3,3,4,28,A
2,1,1,1,2,28,A
2,3,2,5,4,28,A
2,1,2,3,2,28,A
2,4,4,4,3,28,A
1,3,3,4,2,28,A
2,2,3,2,3,28,A
1,1,1,1,1,28,A
2,2,3,3,3,28,A
2,2,2,2,2,28,A
2,3,4,3,3,28,A
2,3,3,4,4,28,A
1,3,3,3,3,28,A
1,3,2,3,2,28,A
2,2,2,2,2,28,A
1,2,4,3,3,28,A
1,2,1,2,2,28,A
1,1,1,1,1,28,A
1,4,3,2,2,28,A
1,1,1,1,1,28,A
1,1,1,3,2,28,A
2,3,3,2,3,28,A
1,2,2,2,2,28,A
2,2,3,1,1,28,A
1,2,1,2,3,28,A
1,3,2,1,2,28,A
1,3,3,3,3,28,A
2,4,4,2,3,28,A
1,2,2,1,2,28,A
1,4,4,5,4,28,A
2,1,1,1,3,28,A
1,4,4,5,4,28,A
1,1,1,1,1,28,A
1,2,1,2,1,28,A
1,2,2,2,2,28,A
1,5,4,4,4,28,A
1,2,3,2,3,28,A
1,4,4,4,3,28,A
1,2,3,2,2,28,A
2,5,5,4,4,28,A
1,4,4,3,3,28,A
2,2,1,3,3,28,A
2,4,4,4,4,28,A
1,3,3,1,2,28,A
1,4,4,4,3,28,A
2,3,3,3,4,28,A
2,5,4,5,4,28,A
2,3,2,3,3,28,A
1,4,4,4,4,28,A
2,2,2,3,3,28,A
2,3,3,2,2,28,A
1,3,3,3,3,28,A
2,2,2,2,1,28,A
2,1,1,3,3,28,A
2,5,5,3,5,28,A
1,2,1,1,1,28,A
2,3,3,2,2,28,A
1,1,1,2,2,28,A
1,3,2,3,2,28,A
2,3,4,3,5,28,A
2,1,2,3,4,28,A
2,3,3,3,2,28,A
2,4,4,3,3,28,A
1,1,1,1,2,28,A
2,3,4,4,4,28,A
1,5,5,4,4,28,A
2,2,3,1,3,28,A
1,4,4,5,4,28,A
1,4,4,3,2,28,A
2,4,4,4,4,28,A
2,5,5,4,5,28,A
1,2,2,2,2,28,A
2,1,1,2,2,28,A
1,4,3,3,2,28,A
2,NA,NA,NA,NA,28,A
1,2,2,2,2,28,A
1,3,3,3,3,28,A
2,1,1,1,1,28,A
1,1,1,1,1,28,A
2,2,2,3,4,28,A
2,3,3,3,3,28,A
1,4,4,3,3,28,A
2,3,3,4,3,28,A
1,2,2,1,2,28,A
1,3,3,3,3,28,A
1,1,1,1,1,28,A
2,5,3,5,4,28,A
2,1,1,1,2,28,A
2,1,1,3,3,28,A
2,4,4,4,4,28,A
1,3,4,4,4,28,A
2,2,3,2,3,28,A
1,3,3,3,3,28,A
1,2,3,3,2,28,A
1,3,3,2,3,28,A
1,3,3,4,3,28,A
1,2,2,1,3,28,A
2,1,2,1,1,28,A
2,4,4,3,4,28,A
2,2,2,2,3,28,A
2,4,4,4,4,28,A
2,2,1,2,3,28,A
1,1,1,1,2,29,A
1,1,1,1,2,29,A
1,4,4,5,4,29,A
1,1,1,1,1,29,A
2,2,2,4,4,29,A
1,2,2,3,2,29,A
2,3,2,3,3,29,A
1,4,4,3,3,29,A
2,2,2,4,3,29,A
2,1,2,5,5,29,A
1,1,1,1,1,29,A
2,2,2,3,2,29,A
2,2,2,3,1,29,A
2,2,1,2,2,29,A
1,1,1,1,1,29,A
1,1,1,3,4,29,A
1,4,4,3,3,29,A
1,NA,NA,NA,NA,29,A
2,1,1,4,4,29,A
1,2,1,3,3,29,A
2,2,2,3,3,29,A
2,3,4,3,3,29,A
2,3,4,3,4,29,A
1,1,1,1,2,29,A
2,4,3,4,4,29,A
1,2,2,2,2,29,A
1,3,3,4,2,29,A
1,3,3,2,2,29,A
1,1,2,1,2,29,A
1,4,4,2,3,29,A
2,3,3,4,4,29,A
2,2,2,2,3,29,A
2,2,2,2,2,29,A
2,2,3,4,4,29,A
1,3,3,2,2,29,A
1,4,4,4,3,29,A
2,1,1,1,2,29,A
2,1,1,1,1,29,A
2,2,2,1,2,29,A
1,2,2,3,3,29,A
2,2,3,2,2,29,A
1,3,3,5,4,29,A
1,5,4,3,4,29,A
2,1,2,3,3,29,A
2,3,3,4,3,29,A
2,3,3,1,2,29,A
1,1,1,3,3,29,A
2,3,2,2,4,29,A
1,1,1,1,1,29,A
2,4,3,5,4,29,A
1,1,2,2,2,29,A
1,4,5,4,4,29,A
2,3,3,4,3,29,A
2,NA,NA,NA,NA,29,A
1,1,1,3,2,29,A
2,4,3,4,3,29,A
2,3,4,3,3,29,A
2,3,3,3,3,29,A
2,3,4,3,3,29,A
2,3,3,4,3,29,A
1,3,3,2,2,29,A
2,1,1,1,2,29,A
2,4,4,4,4,29,A
2,3,3,3,3,29,A
1,4,4,3,3,29,A
2,2,2,3,4,29,A
1,2,1,1,2,29,A
1,1,2,1,2,29,A
1,4,3,3,3,29,A
2,2,2,2,2,29,A
1,3,4,4,1,29,A
1,3,3,2,3,29,A
1,1,1,3,1,29,A
1,NA,NA,NA,NA,29,A
1,4,4,3,4,29,A
1,2,2,2,2,29,A
2,3,3,4,4,29,A
2,1,1,1,2,29,A
1,5,4,5,4,29,A
1,3,2,1,2,29,A
2,2,2,2,3,29,A
2,3,3,3,3,29,A
1,4,5,5,4,29,A
1,2,2,2,2,29,A
2,3,3,3,4,29,A
2,2,2,3,2,29,A
1,4,4,4,2,29,A
2,4,5,4,4,29,A
1,3,3,4,3,29,A
2,3,3,4,4,29,A
2,3,3,2,3,29,A
1,3,3,3,3,29,A
2,1,1,2,1,29,A
2,3,2,4,3,29,A
1,4,4,4,4,29,A
1,3,3,4,3,29,A
2,2,2,4,4,29,A
2,2,3,2,2,29,A
1,4,3,3,4,29,A
1,3,3,3,2,29,A
2,3,3,4,4,29,A
1,4,5,4,3,29,A
1,3,3,2,2,29,A
1,4,4,4,3,29,A
1,1,1,2,2,29,A
2,2,2,3,2,29,A
2,4,3,4,3,29,A
2,1,2,3,3,29,A
2,1,1,1,2,29,A
1,3,3,4,4,29,A
2,3,2,3,3,29,A
1,4,3,4,4,29,A
2,5,5,5,5,29,A
1,3,2,2,3,29,A
1,3,3,2,2,29,A
1,4,5,3,3,29,A
1,4,4,4,3,29,A
2,4,5,4,5,29,A
2,1,1,3,1,29,A
1,3,3,2,2,29,A
2,5,5,3,5,29,A
2,4,3,4,4,29,A
2,2,2,1,1,29,A
1,3,3,3,3,29,A
2,NA,NA,NA,NA,29,A
2,2,3,1,2,29,A
2,4,4,4,4,29,A
1,3,3,3,3,29,A
1,4,4,3,3,29,A
1,3,3,3,3,29,A
2,5,5,5,4,29,A
2,3,3,5,4,29,A
2,1,1,1,1,29,A
2,3,4,4,3,29,A
1,1,1,1,1,29,A
2,1,2,2,2,29,A
1,4,4,4,4,29,A
2,4,5,5,5,29,A
1,3,3,3,4,29,A
2,3,3,4,3,29,A
2,5,4,4,4,29,A
1,5,5,4,4,29,A
1,4,4,4,3,29,A
2,2,2,3,4,29,A
2,2,2,2,2,29,A
1,5,4,3,3,29,A
2,1,2,3,4,29,A
1,4,4,4,4,29,A
2,4,3,4,5,29,A
2,3,3,2,3,30,R
2,2,2,2,2,30,R
1,2,2,3,3,30,R
1,3,2,2,2,30,R
1,4,4,2,2,30,R
1,2,3,3,3,30,R
2,3,3,2,2,30,R
1,4,4,3,2,30,R
2,4,4,3,3,30,R
2,2,3,3,4,30,R
2,1,1,1,1,30,R
2,4,4,3,3,30,R
1,2,2,2,1,30,R
1,5,4,3,4,30,R
1,2,2,3,3,30,R
1,4,4,3,4,30,R
1,5,4,2,3,30,R
2,4,3,4,4,30,R
1,3,3,1,2,30,R
1,2,2,1,2,30,R
1,1,2,2,1,30,R
2,2,2,2,2,30,R
1,4,4,3,4,30,R
2,3,3,1,3,30,R
2,4,4,3,2,30,R
2,2,2,2,2,30,R
1,4,4,2,2,30,R
2,2,3,3,3,30,R
2,2,3,2,4,30,R
1,5,5,2,4,30,R
2,5,5,5,5,30,R
1,3,3,2,3,30,R
1,1,1,1,1,30,R
1,3,4,1,4,30,R
2,2,2,2,2,30,R
1,2,3,1,1,30,R
2,3,2,1,2,30,R
2,4,4,5,4,30,R
1,2,2,1,2,30,R
1,4,4,1,3,30,R
1,4,4,3,3,30,R
1,3,3,3,4,30,R
1,4,4,4,3,30,R
1,4,4,3,3,30,R
1,4,5,2,3,30,R
2,2,2,1,2,30,R
2,2,2,1,3,30,R
2,4,3,3,4,30,R
2,4,4,4,3,30,R
2,4,2,4,5,30,R
2,3,3,2,2,30,R
2,3,3,3,2,30,R
1,4,4,3,3,30,R
1,2,2,1,1,30,R
1,5,5,1,4,30,R
2,2,1,3,2,30,R
1,5,4,4,5,30,R
1,2,3,2,2,30,R
2,5,5,4,4,30,R
1,4,4,4,4,30,R
1,3,3,3,2,30,R
1,1,1,2,2,30,R
1,4,4,4,4,30,R
2,3,4,3,3,30,R
1,4,4,4,3,30,R
1,4,4,3,3,30,R
2,3,2,1,1,30,R
2,2,3,3,2,30,R
1,3,4,3,3,30,R
2,5,5,4,4,30,R
1,4,4,1,1,30,R
1,2,2,1,2,30,R
2,2,1,1,2,30,R
2,4,4,2,4,30,R
1,4,3,3,4,30,R
2,3,3,3,3,30,R
1,4,4,4,3,30,R
2,3,2,1,4,30,R
1,5,5,4,5,30,R
1,2,2,1,2,30,R
2,4,4,3,3,30,R
1,2,2,2,2,30,R
1,4,4,3,3,30,R
2,2,3,3,4,30,R
2,4,4,4,4,30,R
2,1,1,1,2,30,R
1,3,3,2,1,30,R
2,5,5,3,4,30,R
1,4,4,3,3,30,R
1,3,4,3,3,30,R
1,3,3,2,2,30,R
2,3,3,3,3,30,R
1,4,4,1,3,30,R
1,4,4,2,3,30,R
2,3,4,3,3,30,R
1,4,4,4,3,30,R
2,3,3,2,4,30,R
1,3,3,2,2,30,R
2,4,3,3,4,30,R
1,4,4,3,2,30,R
1,3,3,3,3,30,R
1,4,3,5,4,30,R
2,3,3,2,3,30,R
2,4,4,2,3,30,R
1,3,3,2,3,30,R
2,4,4,3,3,30,R
2,3,4,3,4,30,R
2,2,2,3,3,30,R
1,3,2,3,3,30,R
2,4,3,4,4,30,R
2,5,4,4,4,30,R
1,5,4,4,4,30,R
2,4,4,3,4,30,R
1,4,4,3,2,30,R
1,5,4,3,3,30,R
2,4,4,3,3,30,R
1,4,4,4,4,30,R
2,5,5,4,5,30,R
2,1,2,2,1,30,R
2,3,3,3,3,30,R
2,5,5,2,5,30,R
1,3,4,3,2,30,R
2,5,4,3,4,30,R
2,4,4,3,3,30,R
1,1,1,1,1,30,R
1,1,3,1,1,30,R
2,NA,NA,NA,NA,30,R
2,4,4,4,3,30,R
1,5,5,3,4,30,R
1,4,4,4,2,30,R
1,4,3,1,3,30,R
1,5,5,4,3,30,R
1,2,4,1,2,30,R
2,5,4,4,4,30,R
2,1,1,2,4,30,R
1,4,3,3,3,30,R
2,3,3,3,3,30,R
2,5,5,5,5,30,R
1,2,3,2,3,30,R
2,3,3,3,3,30,R
2,2,3,2,2,30,R
2,4,4,4,4,30,R
1,3,3,3,2,30,R
2,4,4,2,4,30,R
1,4,4,4,4,30,R
2,5,5,3,4,30,R
1,2,3,2,2,30,R
2,3,3,3,3,30,R
2,5,5,4,4,30,R
